frame; AU01_r; AU02_r; AU04_r; AU05_r; AU06_r; AU07_r; AU09_r; AU10_r; AU12_r; AU14_r; AU15_r; AU17_r; AU20_r; AU23_r; AU25_r; AU26_r; AU45_r; AU01_c; AU02_c; AU04_c; AU05_c; AU06_c; AU07_c; AU09_c; AU10_c; AU12_c; AU14_c; AU15_c; AU17_c; AU20_c; AU23_c; AU25_c; AU26_c; AU28_c; AU45_c;Class
1;;;;;;;;;;;;;;;;;;;;;;;;;;;;;;;;;;;;Angry
2;;;;;;;;;;;;;;;;;;;;;;;;;;;;;;;;;;;;Angry
3;;;;;;;;;;;;;;;;;;;;;;;;;;;;;;;;;;;;Angry
4;;;;;;;;;;;;;;;;;;;;;;;;;;;;;;;;;;;;Angry
5;;;;;;;;;;;;;;;;;;;;;;;;;;;;;;;;;;;;Angry
6;;;;;;;;;;;;;;;;;;;;;;;;;;;;;;;;;;;;Angry
7;;;;;;;;;;;;;;;;;;;;;;;;;;;;;;;;;;;;Angry
8;;;;;;;;;;;;;;;;;;;;;;;;;;;;;;;;;;;;Angry
9;;;;;;;;;;;;;;;;;;;;;;;;;;;;;;;;;;;;Angry
10;;;;;;;;;;;;;;;;;;;;;;;;;;;;;;;;;;;;Angry
11;;;;;;;;;;;;;;;;;;;;;;;;;;;;;;;;;;;;Angry
14;;;;;;;;;;;;;;;;;;;;;;;;;;;;;;;;;;;;Angry
17;;;;;;;;;;;;;;;;;;;;;;;;;;;;;;;;;;;;Angry
18;;;;;;;;;;;;;;;;;;;;;;;;;;;;;;;;;;;;Angry
19;;;;;;;;;;;;;;;;;;;;;;;;;;;;;;;;;;;;Angry
20;;;;;;;;;;;;;;;;;;;;;;;;;;;;;;;;;;;;Angry
21;;;;;;;;;;;;;;;;;;;;;;;;;;;;;;;;;;;;Angry
22;;;;;;;;;;;;;;;;;;;;;;;;;;;;;;;;;;;;Angry
23;;;;;;;;;;;;;;;;;;;;;;;;;;;;;;;;;;;;Angry
24;;;;;;;;;;;;;;;;;;;;;;;;;;;;;;;;;;;;Angry
25;;;;;;;;;;;;;;;;;;;;;;;;;;;;;;;;;;;;Angry
26;;;;;;;;;;;;;;;;;;;;;;;;;;;;;;;;;;;;Angry
27;;;;;;;;;;;;;;;;;;;;;;;;;;;;;;;;;;;;Angry
28;;;;;;;;;;;;;;;;;;;;;;;;;;;;;;;;;;;;Angry
29;;;;;;;;;;;;;;;;;;;;;;;;;;;;;;;;;;;;Angry
30;;;;;;;;;;;;;;;;;;;;;;;;;;;;;;;;;;;;Angry
31;;;;;;;;;;;;;;;;;;;;;;;;;;;;;;;;;;;;Angry
32;;;;;;;;;;;;;;;;;;;;;;;;;;;;;;;;;;;;Angry
33;;;;;;;;;;;;;;;;;;;;;;;;;;;;;;;;;;;;Angry
34;;;;;;;;;;;;;;;;;;;;;;;;;;;;;;;;;;;;Angry
35;;;;;;;;;;;;;;;;;;;;;;;;;;;;;;;;;;;;Angry
36;;;;;;;;;;;;;;;;;;;;;;;;;;;;;;;;;;;;Angry
37;;;;;;;;;;;;;;;;;;;;;;;;;;;;;;;;;;;;Angry
38;;;;;;;;;;;;;;;;;;;;;;;;;;;;;;;;;;;;Angry
39;;;;;;;;;;;;;;;;;;;;;;;;;;;;;;;;;;;;Angry
40;;;;;;;;;;;;;;;;;;;;;;;;;;;;;;;;;;;;Angry
41;;;;;;;;;;;;;;;;;;;;;;;;;;;;;;;;;;;;Angry
42;;;;;;;;;;;;;;;;;;;;;;;;;;;;;;;;;;;;Angry
43;;;;;;;;;;;;;;;;;;;;;;;;;;;;;;;;;;;;Angry
44;;;;;;;;;;;;;;;;;;;;;;;;;;;;;;;;;;;;Angry
45;;;;;;;;;;;;;;;;;;;;;;;;;;;;;;;;;;;;Angry
46;;;;;;;;;;;;;;;;;;;;;;;;;;;;;;;;;;;;Angry
47;;;;;;;;;;;;;;;;;;;;;;;;;;;;;;;;;;;;Angry
48;;;;;;;;;;;;;;;;;;;;;;;;;;;;;;;;;;;;Angry
49;;;;;;;;;;;;;;;;;;;;;;;;;;;;;;;;;;;;Angry
50;;;;;;;;;;;;;;;;;;;;;;;;;;;;;;;;;;;;Angry
51;;;;;;;;;;;;;;;;;;;;;;;;;;;;;;;;;;;;Angry
52;;;;;;;;;;;;;;;;;;;;;;;;;;;;;;;;;;;;Angry
53;;;;;;;;;;;;;;;;;;;;;;;;;;;;;;;;;;;;Angry
54;;;;;;;;;;;;;;;;;;;;;;;;;;;;;;;;;;;;Angry
55;;;;;;;;;;;;;;;;;;;;;;;;;;;;;;;;;;;;Angry
56;;;;;;;;;;;;;;;;;;;;;;;;;;;;;;;;;;;;Angry
57;;;;;;;;;;;;;;;;;;;;;;;;;;;;;;;;;;;;Angry
58;;;;;;;;;;;;;;;;;;;;;;;;;;;;;;;;;;;;Angry
59;;;;;;;;;;;;;;;;;;;;;;;;;;;;;;;;;;;;Angry
60;;;;;;;;;;;;;;;;;;;;;;;;;;;;;;;;;;;;Angry
61;;;;;;;;;;;;;;;;;;;;;;;;;;;;;;;;;;;;Angry
62;;;;;;;;;;;;;;;;;;;;;;;;;;;;;;;;;;;;Angry
63;;;;;;;;;;;;;;;;;;;;;;;;;;;;;;;;;;;;Angry
64;;;;;;;;;;;;;;;;;;;;;;;;;;;;;;;;;;;;Angry
65;;;;;;;;;;;;;;;;;;;;;;;;;;;;;;;;;;;;Angry
66;;;;;;;;;;;;;;;;;;;;;;;;;;;;;;;;;;;;Angry
67;;;;;;;;;;;;;;;;;;;;;;;;;;;;;;;;;;;;Angry
68;;;;;;;;;;;;;;;;;;;;;;;;;;;;;;;;;;;;Angry
69;;;;;;;;;;;;;;;;;;;;;;;;;;;;;;;;;;;;Angry
70;;;;;;;;;;;;;;;;;;;;;;;;;;;;;;;;;;;;Angry
71;;;;;;;;;;;;;;;;;;;;;;;;;;;;;;;;;;;;Angry
72;;;;;;;;;;;;;;;;;;;;;;;;;;;;;;;;;;;;Angry
73;;;;;;;;;;;;;;;;;;;;;;;;;;;;;;;;;;;;Angry
74;;;;;;;;;;;;;;;;;;;;;;;;;;;;;;;;;;;;Angry
75;;;;;;;;;;;;;;;;;;;;;;;;;;;;;;;;;;;;Angry
76;;;;;;;;;;;;;;;;;;;;;;;;;;;;;;;;;;;;Angry
77;;;;;;;;;;;;;;;;;;;;;;;;;;;;;;;;;;;;Angry
78;;;;;;;;;;;;;;;;;;;;;;;;;;;;;;;;;;;;Angry
79;;;;;;;;;;;;;;;;;;;;;;;;;;;;;;;;;;;;Angry
80;;;;;;;;;;;;;;;;;;;;;;;;;;;;;;;;;;;;Angry
81;;;;;;;;;;;;;;;;;;;;;;;;;;;;;;;;;;;;Angry
82;;;;;;;;;;;;;;;;;;;;;;;;;;;;;;;;;;;;Angry
83;;;;;;;;;;;;;;;;;;;;;;;;;;;;;;;;;;;;Angry
84;;;;;;;;;;;;;;;;;;;;;;;;;;;;;;;;;;;;Angry
85;;;;;;;;;;;;;;;;;;;;;;;;;;;;;;;;;;;;Angry
86;;;;;;;;;;;;;;;;;;;;;;;;;;;;;;;;;;;;Angry
87;;;;;;;;;;;;;;;;;;;;;;;;;;;;;;;;;;;;Angry
89;;;;;;;;;;;;;;;;;;;;;;;;;;;;;;;;;;;;Angry
90;;;;;;;;;;;;;;;;;;;;;;;;;;;;;;;;;;;;Angry
91;;;;;;;;;;;;;;;;;;;;;;;;;;;;;;;;;;;;Angry
92;;;;;;;;;;;;;;;;;;;;;;;;;;;;;;;;;;;;Angry
93;;;;;;;;;;;;;;;;;;;;;;;;;;;;;;;;;;;;Angry
94;;;;;;;;;;;;;;;;;;;;;;;;;;;;;;;;;;;;Angry
95;;;;;;;;;;;;;;;;;;;;;;;;;;;;;;;;;;;;Angry
98;;;;;;;;;;;;;;;;;;;;;;;;;;;;;;;;;;;;Angry
99;;;;;;;;;;;;;;;;;;;;;;;;;;;;;;;;;;;;Angry
100;;;;;;;;;;;;;;;;;;;;;;;;;;;;;;;;;;;;Angry
101;;;;;;;;;;;;;;;;;;;;;;;;;;;;;;;;;;;;Angry
102;;;;;;;;;;;;;;;;;;;;;;;;;;;;;;;;;;;;Angry
103;;;;;;;;;;;;;;;;;;;;;;;;;;;;;;;;;;;;Angry
104;;;;;;;;;;;;;;;;;;;;;;;;;;;;;;;;;;;;Angry
105;;;;;;;;;;;;;;;;;;;;;;;;;;;;;;;;;;;;Angry
106;;;;;;;;;;;;;;;;;;;;;;;;;;;;;;;;;;;;Angry
107;;;;;;;;;;;;;;;;;;;;;;;;;;;;;;;;;;;;Angry
108;;;;;;;;;;;;;;;;;;;;;;;;;;;;;;;;;;;;Angry
109;;;;;;;;;;;;;;;;;;;;;;;;;;;;;;;;;;;;Angry
110;;;;;;;;;;;;;;;;;;;;;;;;;;;;;;;;;;;;Angry
111;;;;;;;;;;;;;;;;;;;;;;;;;;;;;;;;;;;;Angry
112;;;;;;;;;;;;;;;;;;;;;;;;;;;;;;;;;;;;Angry
113;;;;;;;;;;;;;;;;;;;;;;;;;;;;;;;;;;;;Angry
114;;;;;;;;;;;;;;;;;;;;;;;;;;;;;;;;;;;;Angry
115;;;;;;;;;;;;;;;;;;;;;;;;;;;;;;;;;;;;Angry
116;;;;;;;;;;;;;;;;;;;;;;;;;;;;;;;;;;;;Angry
117;;;;;;;;;;;;;;;;;;;;;;;;;;;;;;;;;;;;Angry
120;;;;;;;;;;;;;;;;;;;;;;;;;;;;;;;;;;;;Angry
122;;;;;;;;;;;;;;;;;;;;;;;;;;;;;;;;;;;;Angry
123;;;;;;;;;;;;;;;;;;;;;;;;;;;;;;;;;;;;Angry
124;;;;;;;;;;;;;;;;;;;;;;;;;;;;;;;;;;;;Angry
125;;;;;;;;;;;;;;;;;;;;;;;;;;;;;;;;;;;;Angry
126;;;;;;;;;;;;;;;;;;;;;;;;;;;;;;;;;;;;Angry
127;;;;;;;;;;;;;;;;;;;;;;;;;;;;;;;;;;;;Angry
128;;;;;;;;;;;;;;;;;;;;;;;;;;;;;;;;;;;;Angry
129;;;;;;;;;;;;;;;;;;;;;;;;;;;;;;;;;;;;Angry
130;;;;;;;;;;;;;;;;;;;;;;;;;;;;;;;;;;;;Angry
131;;;;;;;;;;;;;;;;;;;;;;;;;;;;;;;;;;;;Angry
132;;;;;;;;;;;;;;;;;;;;;;;;;;;;;;;;;;;;Angry
133;;;;;;;;;;;;;;;;;;;;;;;;;;;;;;;;;;;;Angry
138;;;;;;;;;;;;;;;;;;;;;;;;;;;;;;;;;;;;Angry
139;;;;;;;;;;;;;;;;;;;;;;;;;;;;;;;;;;;;Angry
140;;;;;;;;;;;;;;;;;;;;;;;;;;;;;;;;;;;;Angry
141;;;;;;;;;;;;;;;;;;;;;;;;;;;;;;;;;;;;Angry
142;;;;;;;;;;;;;;;;;;;;;;;;;;;;;;;;;;;;Angry
143;;;;;;;;;;;;;;;;;;;;;;;;;;;;;;;;;;;;Angry
144;;;;;;;;;;;;;;;;;;;;;;;;;;;;;;;;;;;;Angry
145;;;;;;;;;;;;;;;;;;;;;;;;;;;;;;;;;;;;Angry
146;;;;;;;;;;;;;;;;;;;;;;;;;;;;;;;;;;;;Angry
147;;;;;;;;;;;;;;;;;;;;;;;;;;;;;;;;;;;;Angry
148;;;;;;;;;;;;;;;;;;;;;;;;;;;;;;;;;;;;Angry
149;;;;;;;;;;;;;;;;;;;;;;;;;;;;;;;;;;;;Angry
150;;;;;;;;;;;;;;;;;;;;;;;;;;;;;;;;;;;;Angry
151;;;;;;;;;;;;;;;;;;;;;;;;;;;;;;;;;;;;Angry
152;;;;;;;;;;;;;;;;;;;;;;;;;;;;;;;;;;;;Angry
153;;;;;;;;;;;;;;;;;;;;;;;;;;;;;;;;;;;;Angry
154;;;;;;;;;;;;;;;;;;;;;;;;;;;;;;;;;;;;Angry
155;;;;;;;;;;;;;;;;;;;;;;;;;;;;;;;;;;;;Angry
156;;;;;;;;;;;;;;;;;;;;;;;;;;;;;;;;;;;;Angry
157;;;;;;;;;;;;;;;;;;;;;;;;;;;;;;;;;;;;Angry
158;;;;;;;;;;;;;;;;;;;;;;;;;;;;;;;;;;;;Angry
159;;;;;;;;;;;;;;;;;;;;;;;;;;;;;;;;;;;;Angry
160;;;;;;;;;;;;;;;;;;;;;;;;;;;;;;;;;;;;Angry
161;;;;;;;;;;;;;;;;;;;;;;;;;;;;;;;;;;;;Angry
162;;;;;;;;;;;;;;;;;;;;;;;;;;;;;;;;;;;;Angry
163;;;;;;;;;;;;;;;;;;;;;;;;;;;;;;;;;;;;Angry
164;;;;;;;;;;;;;;;;;;;;;;;;;;;;;;;;;;;;Angry
165;;;;;;;;;;;;;;;;;;;;;;;;;;;;;;;;;;;;Angry
168;;;;;;;;;;;;;;;;;;;;;;;;;;;;;;;;;;;;Angry
169;;;;;;;;;;;;;;;;;;;;;;;;;;;;;;;;;;;;Angry
170;;;;;;;;;;;;;;;;;;;;;;;;;;;;;;;;;;;;Angry
171;;;;;;;;;;;;;;;;;;;;;;;;;;;;;;;;;;;;Angry
172;;;;;;;;;;;;;;;;;;;;;;;;;;;;;;;;;;;;Angry
173;;;;;;;;;;;;;;;;;;;;;;;;;;;;;;;;;;;;Angry
176;;;;;;;;;;;;;;;;;;;;;;;;;;;;;;;;;;;;Angry
177;;;;;;;;;;;;;;;;;;;;;;;;;;;;;;;;;;;;Angry
178;;;;;;;;;;;;;;;;;;;;;;;;;;;;;;;;;;;;Angry
179;;;;;;;;;;;;;;;;;;;;;;;;;;;;;;;;;;;;Angry
180;;;;;;;;;;;;;;;;;;;;;;;;;;;;;;;;;;;;Angry
181;;;;;;;;;;;;;;;;;;;;;;;;;;;;;;;;;;;;Angry
182;;;;;;;;;;;;;;;;;;;;;;;;;;;;;;;;;;;;Angry
185;;;;;;;;;;;;;;;;;;;;;;;;;;;;;;;;;;;;Angry
186;;;;;;;;;;;;;;;;;;;;;;;;;;;;;;;;;;;;Angry
187;;;;;;;;;;;;;;;;;;;;;;;;;;;;;;;;;;;;Angry
188;;;;;;;;;;;;;;;;;;;;;;;;;;;;;;;;;;;;Angry
189;;;;;;;;;;;;;;;;;;;;;;;;;;;;;;;;;;;;Angry
190;;;;;;;;;;;;;;;;;;;;;;;;;;;;;;;;;;;;Angry
191;;;;;;;;;;;;;;;;;;;;;;;;;;;;;;;;;;;;Angry
192;;;;;;;;;;;;;;;;;;;;;;;;;;;;;;;;;;;;Angry
193;;;;;;;;;;;;;;;;;;;;;;;;;;;;;;;;;;;;Angry
194;;;;;;;;;;;;;;;;;;;;;;;;;;;;;;;;;;;;Angry
195;;;;;;;;;;;;;;;;;;;;;;;;;;;;;;;;;;;;Angry
196;;;;;;;;;;;;;;;;;;;;;;;;;;;;;;;;;;;;Angry
197;;;;;;;;;;;;;;;;;;;;;;;;;;;;;;;;;;;;Angry
198;;;;;;;;;;;;;;;;;;;;;;;;;;;;;;;;;;;;Angry
199;;;;;;;;;;;;;;;;;;;;;;;;;;;;;;;;;;;;Angry
200;;;;;;;;;;;;;;;;;;;;;;;;;;;;;;;;;;;;Angry
1;;;;;;;;;;;;;;;;;;;;;;;;;;;;;;;;;;;;Disgust
2;;;;;;;;;;;;;;;;;;;;;;;;;;;;;;;;;;;;Disgust
3;;;;;;;;;;;;;;;;;;;;;;;;;;;;;;;;;;;;Disgust
4;;;;;;;;;;;;;;;;;;;;;;;;;;;;;;;;;;;;Disgust
5;;;;;;;;;;;;;;;;;;;;;;;;;;;;;;;;;;;;Disgust
6;;;;;;;;;;;;;;;;;;;;;;;;;;;;;;;;;;;;Disgust
7;;;;;;;;;;;;;;;;;;;;;;;;;;;;;;;;;;;;Disgust
8;;;;;;;;;;;;;;;;;;;;;;;;;;;;;;;;;;;;Disgust
9;;;;;;;;;;;;;;;;;;;;;;;;;;;;;;;;;;;;Disgust
10;;;;;;;;;;;;;;;;;;;;;;;;;;;;;;;;;;;;Disgust
11;;;;;;;;;;;;;;;;;;;;;;;;;;;;;;;;;;;;Disgust
12;;;;;;;;;;;;;;;;;;;;;;;;;;;;;;;;;;;;Disgust
13;;;;;;;;;;;;;;;;;;;;;;;;;;;;;;;;;;;;Disgust
14;;;;;;;;;;;;;;;;;;;;;;;;;;;;;;;;;;;;Disgust
15;;;;;;;;;;;;;;;;;;;;;;;;;;;;;;;;;;;;Disgust
16;;;;;;;;;;;;;;;;;;;;;;;;;;;;;;;;;;;;Disgust
17;;;;;;;;;;;;;;;;;;;;;;;;;;;;;;;;;;;;Disgust
18;;;;;;;;;;;;;;;;;;;;;;;;;;;;;;;;;;;;Disgust
19;;;;;;;;;;;;;;;;;;;;;;;;;;;;;;;;;;;;Disgust
20;;;;;;;;;;;;;;;;;;;;;;;;;;;;;;;;;;;;Disgust
22;;;;;;;;;;;;;;;;;;;;;;;;;;;;;;;;;;;;Disgust
23;;;;;;;;;;;;;;;;;;;;;;;;;;;;;;;;;;;;Disgust
24;;;;;;;;;;;;;;;;;;;;;;;;;;;;;;;;;;;;Disgust
25;;;;;;;;;;;;;;;;;;;;;;;;;;;;;;;;;;;;Disgust
26;;;;;;;;;;;;;;;;;;;;;;;;;;;;;;;;;;;;Disgust
29;;;;;;;;;;;;;;;;;;;;;;;;;;;;;;;;;;;;Disgust
30;;;;;;;;;;;;;;;;;;;;;;;;;;;;;;;;;;;;Disgust
31;;;;;;;;;;;;;;;;;;;;;;;;;;;;;;;;;;;;Disgust
32;;;;;;;;;;;;;;;;;;;;;;;;;;;;;;;;;;;;Disgust
33;;;;;;;;;;;;;;;;;;;;;;;;;;;;;;;;;;;;Disgust
34;;;;;;;;;;;;;;;;;;;;;;;;;;;;;;;;;;;;Disgust
35;;;;;;;;;;;;;;;;;;;;;;;;;;;;;;;;;;;;Disgust
36;;;;;;;;;;;;;;;;;;;;;;;;;;;;;;;;;;;;Disgust
37;;;;;;;;;;;;;;;;;;;;;;;;;;;;;;;;;;;;Disgust
38;;;;;;;;;;;;;;;;;;;;;;;;;;;;;;;;;;;;Disgust
40;;;;;;;;;;;;;;;;;;;;;;;;;;;;;;;;;;;;Disgust
41;;;;;;;;;;;;;;;;;;;;;;;;;;;;;;;;;;;;Disgust
42;;;;;;;;;;;;;;;;;;;;;;;;;;;;;;;;;;;;Disgust
43;;;;;;;;;;;;;;;;;;;;;;;;;;;;;;;;;;;;Disgust
46;;;;;;;;;;;;;;;;;;;;;;;;;;;;;;;;;;;;Disgust
47;;;;;;;;;;;;;;;;;;;;;;;;;;;;;;;;;;;;Disgust
48;;;;;;;;;;;;;;;;;;;;;;;;;;;;;;;;;;;;Disgust
49;;;;;;;;;;;;;;;;;;;;;;;;;;;;;;;;;;;;Disgust
50;;;;;;;;;;;;;;;;;;;;;;;;;;;;;;;;;;;;Disgust
51;;;;;;;;;;;;;;;;;;;;;;;;;;;;;;;;;;;;Disgust
52;;;;;;;;;;;;;;;;;;;;;;;;;;;;;;;;;;;;Disgust
53;;;;;;;;;;;;;;;;;;;;;;;;;;;;;;;;;;;;Disgust
56;;;;;;;;;;;;;;;;;;;;;;;;;;;;;;;;;;;;Disgust
57;;;;;;;;;;;;;;;;;;;;;;;;;;;;;;;;;;;;Disgust
58;;;;;;;;;;;;;;;;;;;;;;;;;;;;;;;;;;;;Disgust
59;;;;;;;;;;;;;;;;;;;;;;;;;;;;;;;;;;;;Disgust
60;;;;;;;;;;;;;;;;;;;;;;;;;;;;;;;;;;;;Disgust
61;;;;;;;;;;;;;;;;;;;;;;;;;;;;;;;;;;;;Disgust
62;;;;;;;;;;;;;;;;;;;;;;;;;;;;;;;;;;;;Disgust
63;;;;;;;;;;;;;;;;;;;;;;;;;;;;;;;;;;;;Disgust
64;;;;;;;;;;;;;;;;;;;;;;;;;;;;;;;;;;;;Disgust
65;;;;;;;;;;;;;;;;;;;;;;;;;;;;;;;;;;;;Disgust
66;;;;;;;;;;;;;;;;;;;;;;;;;;;;;;;;;;;;Disgust
67;;;;;;;;;;;;;;;;;;;;;;;;;;;;;;;;;;;;Disgust
68;;;;;;;;;;;;;;;;;;;;;;;;;;;;;;;;;;;;Disgust
69;;;;;;;;;;;;;;;;;;;;;;;;;;;;;;;;;;;;Disgust
70;;;;;;;;;;;;;;;;;;;;;;;;;;;;;;;;;;;;Disgust
71;;;;;;;;;;;;;;;;;;;;;;;;;;;;;;;;;;;;Disgust
72;;;;;;;;;;;;;;;;;;;;;;;;;;;;;;;;;;;;Disgust
73;;;;;;;;;;;;;;;;;;;;;;;;;;;;;;;;;;;;Disgust
74;;;;;;;;;;;;;;;;;;;;;;;;;;;;;;;;;;;;Disgust
75;;;;;;;;;;;;;;;;;;;;;;;;;;;;;;;;;;;;Disgust
76;;;;;;;;;;;;;;;;;;;;;;;;;;;;;;;;;;;;Disgust
77;;;;;;;;;;;;;;;;;;;;;;;;;;;;;;;;;;;;Disgust
78;;;;;;;;;;;;;;;;;;;;;;;;;;;;;;;;;;;;Disgust
79;;;;;;;;;;;;;;;;;;;;;;;;;;;;;;;;;;;;Disgust
80;;;;;;;;;;;;;;;;;;;;;;;;;;;;;;;;;;;;Disgust
81;;;;;;;;;;;;;;;;;;;;;;;;;;;;;;;;;;;;Disgust
82;;;;;;;;;;;;;;;;;;;;;;;;;;;;;;;;;;;;Disgust
83;;;;;;;;;;;;;;;;;;;;;;;;;;;;;;;;;;;;Disgust
84;;;;;;;;;;;;;;;;;;;;;;;;;;;;;;;;;;;;Disgust
85;;;;;;;;;;;;;;;;;;;;;;;;;;;;;;;;;;;;Disgust
86;;;;;;;;;;;;;;;;;;;;;;;;;;;;;;;;;;;;Disgust
87;;;;;;;;;;;;;;;;;;;;;;;;;;;;;;;;;;;;Disgust
88;;;;;;;;;;;;;;;;;;;;;;;;;;;;;;;;;;;;Disgust
89;;;;;;;;;;;;;;;;;;;;;;;;;;;;;;;;;;;;Disgust
90;;;;;;;;;;;;;;;;;;;;;;;;;;;;;;;;;;;;Disgust
91;;;;;;;;;;;;;;;;;;;;;;;;;;;;;;;;;;;;Disgust
94;;;;;;;;;;;;;;;;;;;;;;;;;;;;;;;;;;;;Disgust
95;;;;;;;;;;;;;;;;;;;;;;;;;;;;;;;;;;;;Disgust
96;;;;;;;;;;;;;;;;;;;;;;;;;;;;;;;;;;;;Disgust
97;;;;;;;;;;;;;;;;;;;;;;;;;;;;;;;;;;;;Disgust
98;;;;;;;;;;;;;;;;;;;;;;;;;;;;;;;;;;;;Disgust
99;;;;;;;;;;;;;;;;;;;;;;;;;;;;;;;;;;;;Disgust
100;;;;;;;;;;;;;;;;;;;;;;;;;;;;;;;;;;;;Disgust
101;;;;;;;;;;;;;;;;;;;;;;;;;;;;;;;;;;;;Disgust
102;;;;;;;;;;;;;;;;;;;;;;;;;;;;;;;;;;;;Disgust
103;;;;;;;;;;;;;;;;;;;;;;;;;;;;;;;;;;;;Disgust
104;;;;;;;;;;;;;;;;;;;;;;;;;;;;;;;;;;;;Disgust
105;;;;;;;;;;;;;;;;;;;;;;;;;;;;;;;;;;;;Disgust
106;;;;;;;;;;;;;;;;;;;;;;;;;;;;;;;;;;;;Disgust
107;;;;;;;;;;;;;;;;;;;;;;;;;;;;;;;;;;;;Disgust
108;;;;;;;;;;;;;;;;;;;;;;;;;;;;;;;;;;;;Disgust
109;;;;;;;;;;;;;;;;;;;;;;;;;;;;;;;;;;;;Disgust
110;;;;;;;;;;;;;;;;;;;;;;;;;;;;;;;;;;;;Disgust
111;;;;;;;;;;;;;;;;;;;;;;;;;;;;;;;;;;;;Disgust
112;;;;;;;;;;;;;;;;;;;;;;;;;;;;;;;;;;;;Disgust
113;;;;;;;;;;;;;;;;;;;;;;;;;;;;;;;;;;;;Disgust
114;;;;;;;;;;;;;;;;;;;;;;;;;;;;;;;;;;;;Disgust
115;;;;;;;;;;;;;;;;;;;;;;;;;;;;;;;;;;;;Disgust
116;;;;;;;;;;;;;;;;;;;;;;;;;;;;;;;;;;;;Disgust
117;;;;;;;;;;;;;;;;;;;;;;;;;;;;;;;;;;;;Disgust
118;;;;;;;;;;;;;;;;;;;;;;;;;;;;;;;;;;;;Disgust
119;;;;;;;;;;;;;;;;;;;;;;;;;;;;;;;;;;;;Disgust
120;;;;;;;;;;;;;;;;;;;;;;;;;;;;;;;;;;;;Disgust
121;;;;;;;;;;;;;;;;;;;;;;;;;;;;;;;;;;;;Disgust
122;;;;;;;;;;;;;;;;;;;;;;;;;;;;;;;;;;;;Disgust
123;;;;;;;;;;;;;;;;;;;;;;;;;;;;;;;;;;;;Disgust
124;;;;;;;;;;;;;;;;;;;;;;;;;;;;;;;;;;;;Disgust
125;;;;;;;;;;;;;;;;;;;;;;;;;;;;;;;;;;;;Disgust
126;;;;;;;;;;;;;;;;;;;;;;;;;;;;;;;;;;;;Disgust
127;;;;;;;;;;;;;;;;;;;;;;;;;;;;;;;;;;;;Disgust
130;;;;;;;;;;;;;;;;;;;;;;;;;;;;;;;;;;;;Disgust
132;;;;;;;;;;;;;;;;;;;;;;;;;;;;;;;;;;;;Disgust
133;;;;;;;;;;;;;;;;;;;;;;;;;;;;;;;;;;;;Disgust
134;;;;;;;;;;;;;;;;;;;;;;;;;;;;;;;;;;;;Disgust
137;;;;;;;;;;;;;;;;;;;;;;;;;;;;;;;;;;;;Disgust
138;;;;;;;;;;;;;;;;;;;;;;;;;;;;;;;;;;;;Disgust
139;;;;;;;;;;;;;;;;;;;;;;;;;;;;;;;;;;;;Disgust
140;;;;;;;;;;;;;;;;;;;;;;;;;;;;;;;;;;;;Disgust
142;;;;;;;;;;;;;;;;;;;;;;;;;;;;;;;;;;;;Disgust
145;;;;;;;;;;;;;;;;;;;;;;;;;;;;;;;;;;;;Disgust
146;;;;;;;;;;;;;;;;;;;;;;;;;;;;;;;;;;;;Disgust
147;;;;;;;;;;;;;;;;;;;;;;;;;;;;;;;;;;;;Disgust
148;;;;;;;;;;;;;;;;;;;;;;;;;;;;;;;;;;;;Disgust
150;;;;;;;;;;;;;;;;;;;;;;;;;;;;;;;;;;;;Disgust
151;;;;;;;;;;;;;;;;;;;;;;;;;;;;;;;;;;;;Disgust
152;;;;;;;;;;;;;;;;;;;;;;;;;;;;;;;;;;;;Disgust
153;;;;;;;;;;;;;;;;;;;;;;;;;;;;;;;;;;;;Disgust
154;;;;;;;;;;;;;;;;;;;;;;;;;;;;;;;;;;;;Disgust
155;;;;;;;;;;;;;;;;;;;;;;;;;;;;;;;;;;;;Disgust
156;;;;;;;;;;;;;;;;;;;;;;;;;;;;;;;;;;;;Disgust
157;;;;;;;;;;;;;;;;;;;;;;;;;;;;;;;;;;;;Disgust
158;;;;;;;;;;;;;;;;;;;;;;;;;;;;;;;;;;;;Disgust
159;;;;;;;;;;;;;;;;;;;;;;;;;;;;;;;;;;;;Disgust
160;;;;;;;;;;;;;;;;;;;;;;;;;;;;;;;;;;;;Disgust
161;;;;;;;;;;;;;;;;;;;;;;;;;;;;;;;;;;;;Disgust
162;;;;;;;;;;;;;;;;;;;;;;;;;;;;;;;;;;;;Disgust
165;;;;;;;;;;;;;;;;;;;;;;;;;;;;;;;;;;;;Disgust
166;;;;;;;;;;;;;;;;;;;;;;;;;;;;;;;;;;;;Disgust
167;;;;;;;;;;;;;;;;;;;;;;;;;;;;;;;;;;;;Disgust
168;;;;;;;;;;;;;;;;;;;;;;;;;;;;;;;;;;;;Disgust
169;;;;;;;;;;;;;;;;;;;;;;;;;;;;;;;;;;;;Disgust
170;;;;;;;;;;;;;;;;;;;;;;;;;;;;;;;;;;;;Disgust
171;;;;;;;;;;;;;;;;;;;;;;;;;;;;;;;;;;;;Disgust
172;;;;;;;;;;;;;;;;;;;;;;;;;;;;;;;;;;;;Disgust
173;;;;;;;;;;;;;;;;;;;;;;;;;;;;;;;;;;;;Disgust
174;;;;;;;;;;;;;;;;;;;;;;;;;;;;;;;;;;;;Disgust
175;;;;;;;;;;;;;;;;;;;;;;;;;;;;;;;;;;;;Disgust
176;;;;;;;;;;;;;;;;;;;;;;;;;;;;;;;;;;;;Disgust
177;;;;;;;;;;;;;;;;;;;;;;;;;;;;;;;;;;;;Disgust
178;;;;;;;;;;;;;;;;;;;;;;;;;;;;;;;;;;;;Disgust
179;;;;;;;;;;;;;;;;;;;;;;;;;;;;;;;;;;;;Disgust
180;;;;;;;;;;;;;;;;;;;;;;;;;;;;;;;;;;;;Disgust
181;;;;;;;;;;;;;;;;;;;;;;;;;;;;;;;;;;;;Disgust
182;;;;;;;;;;;;;;;;;;;;;;;;;;;;;;;;;;;;Disgust
183;;;;;;;;;;;;;;;;;;;;;;;;;;;;;;;;;;;;Disgust
184;;;;;;;;;;;;;;;;;;;;;;;;;;;;;;;;;;;;Disgust
185;;;;;;;;;;;;;;;;;;;;;;;;;;;;;;;;;;;;Disgust
186;;;;;;;;;;;;;;;;;;;;;;;;;;;;;;;;;;;;Disgust
187;;;;;;;;;;;;;;;;;;;;;;;;;;;;;;;;;;;;Disgust
188;;;;;;;;;;;;;;;;;;;;;;;;;;;;;;;;;;;;Disgust
189;;;;;;;;;;;;;;;;;;;;;;;;;;;;;;;;;;;;Disgust
192;;;;;;;;;;;;;;;;;;;;;;;;;;;;;;;;;;;;Disgust
193;;;;;;;;;;;;;;;;;;;;;;;;;;;;;;;;;;;;Disgust
194;;;;;;;;;;;;;;;;;;;;;;;;;;;;;;;;;;;;Disgust
195;;;;;;;;;;;;;;;;;;;;;;;;;;;;;;;;;;;;Disgust
198;;;;;;;;;;;;;;;;;;;;;;;;;;;;;;;;;;;;Disgust
199;;;;;;;;;;;;;;;;;;;;;;;;;;;;;;;;;;;;Disgust
200;;;;;;;;;;;;;;;;;;;;;;;;;;;;;;;;;;;;Disgust
1;;;;;;;;;;;;;;;;;;;;;;;;;;;;;;;;;;;;Fear
2;;;;;;;;;;;;;;;;;;;;;;;;;;;;;;;;;;;;Fear
3;;;;;;;;;;;;;;;;;;;;;;;;;;;;;;;;;;;;Fear
4;;;;;;;;;;;;;;;;;;;;;;;;;;;;;;;;;;;;Fear
5;;;;;;;;;;;;;;;;;;;;;;;;;;;;;;;;;;;;Fear
6;;;;;;;;;;;;;;;;;;;;;;;;;;;;;;;;;;;;Fear
7;;;;;;;;;;;;;;;;;;;;;;;;;;;;;;;;;;;;Fear
8;;;;;;;;;;;;;;;;;;;;;;;;;;;;;;;;;;;;Fear
9;;;;;;;;;;;;;;;;;;;;;;;;;;;;;;;;;;;;Fear
10;;;;;;;;;;;;;;;;;;;;;;;;;;;;;;;;;;;;Fear
11;;;;;;;;;;;;;;;;;;;;;;;;;;;;;;;;;;;;Fear
13;;;;;;;;;;;;;;;;;;;;;;;;;;;;;;;;;;;;Fear
14;;;;;;;;;;;;;;;;;;;;;;;;;;;;;;;;;;;;Fear
15;;;;;;;;;;;;;;;;;;;;;;;;;;;;;;;;;;;;Fear
16;;;;;;;;;;;;;;;;;;;;;;;;;;;;;;;;;;;;Fear
17;;;;;;;;;;;;;;;;;;;;;;;;;;;;;;;;;;;;Fear
18;;;;;;;;;;;;;;;;;;;;;;;;;;;;;;;;;;;;Fear
19;;;;;;;;;;;;;;;;;;;;;;;;;;;;;;;;;;;;Fear
20;;;;;;;;;;;;;;;;;;;;;;;;;;;;;;;;;;;;Fear
21;;;;;;;;;;;;;;;;;;;;;;;;;;;;;;;;;;;;Fear
22;;;;;;;;;;;;;;;;;;;;;;;;;;;;;;;;;;;;Fear
23;;;;;;;;;;;;;;;;;;;;;;;;;;;;;;;;;;;;Fear
24;;;;;;;;;;;;;;;;;;;;;;;;;;;;;;;;;;;;Fear
25;;;;;;;;;;;;;;;;;;;;;;;;;;;;;;;;;;;;Fear
28;;;;;;;;;;;;;;;;;;;;;;;;;;;;;;;;;;;;Fear
29;;;;;;;;;;;;;;;;;;;;;;;;;;;;;;;;;;;;Fear
30;;;;;;;;;;;;;;;;;;;;;;;;;;;;;;;;;;;;Fear
31;;;;;;;;;;;;;;;;;;;;;;;;;;;;;;;;;;;;Fear
32;;;;;;;;;;;;;;;;;;;;;;;;;;;;;;;;;;;;Fear
33;;;;;;;;;;;;;;;;;;;;;;;;;;;;;;;;;;;;Fear
34;;;;;;;;;;;;;;;;;;;;;;;;;;;;;;;;;;;;Fear
35;;;;;;;;;;;;;;;;;;;;;;;;;;;;;;;;;;;;Fear
36;;;;;;;;;;;;;;;;;;;;;;;;;;;;;;;;;;;;Fear
37;;;;;;;;;;;;;;;;;;;;;;;;;;;;;;;;;;;;Fear
38;;;;;;;;;;;;;;;;;;;;;;;;;;;;;;;;;;;;Fear
39;;;;;;;;;;;;;;;;;;;;;;;;;;;;;;;;;;;;Fear
40;;;;;;;;;;;;;;;;;;;;;;;;;;;;;;;;;;;;Fear
41;;;;;;;;;;;;;;;;;;;;;;;;;;;;;;;;;;;;Fear
42;;;;;;;;;;;;;;;;;;;;;;;;;;;;;;;;;;;;Fear
43;;;;;;;;;;;;;;;;;;;;;;;;;;;;;;;;;;;;Fear
44;;;;;;;;;;;;;;;;;;;;;;;;;;;;;;;;;;;;Fear
45;;;;;;;;;;;;;;;;;;;;;;;;;;;;;;;;;;;;Fear
46;;;;;;;;;;;;;;;;;;;;;;;;;;;;;;;;;;;;Fear
47;;;;;;;;;;;;;;;;;;;;;;;;;;;;;;;;;;;;Fear
48;;;;;;;;;;;;;;;;;;;;;;;;;;;;;;;;;;;;Fear
49;;;;;;;;;;;;;;;;;;;;;;;;;;;;;;;;;;;;Fear
50;;;;;;;;;;;;;;;;;;;;;;;;;;;;;;;;;;;;Fear
51;;;;;;;;;;;;;;;;;;;;;;;;;;;;;;;;;;;;Fear
52;;;;;;;;;;;;;;;;;;;;;;;;;;;;;;;;;;;;Fear
53;;;;;;;;;;;;;;;;;;;;;;;;;;;;;;;;;;;;Fear
54;;;;;;;;;;;;;;;;;;;;;;;;;;;;;;;;;;;;Fear
55;;;;;;;;;;;;;;;;;;;;;;;;;;;;;;;;;;;;Fear
56;;;;;;;;;;;;;;;;;;;;;;;;;;;;;;;;;;;;Fear
57;;;;;;;;;;;;;;;;;;;;;;;;;;;;;;;;;;;;Fear
58;;;;;;;;;;;;;;;;;;;;;;;;;;;;;;;;;;;;Fear
59;;;;;;;;;;;;;;;;;;;;;;;;;;;;;;;;;;;;Fear
60;;;;;;;;;;;;;;;;;;;;;;;;;;;;;;;;;;;;Fear
61;;;;;;;;;;;;;;;;;;;;;;;;;;;;;;;;;;;;Fear
64;;;;;;;;;;;;;;;;;;;;;;;;;;;;;;;;;;;;Fear
65;;;;;;;;;;;;;;;;;;;;;;;;;;;;;;;;;;;;Fear
66;;;;;;;;;;;;;;;;;;;;;;;;;;;;;;;;;;;;Fear
67;;;;;;;;;;;;;;;;;;;;;;;;;;;;;;;;;;;;Fear
68;;;;;;;;;;;;;;;;;;;;;;;;;;;;;;;;;;;;Fear
69;;;;;;;;;;;;;;;;;;;;;;;;;;;;;;;;;;;;Fear
70;;;;;;;;;;;;;;;;;;;;;;;;;;;;;;;;;;;;Fear
71;;;;;;;;;;;;;;;;;;;;;;;;;;;;;;;;;;;;Fear
72;;;;;;;;;;;;;;;;;;;;;;;;;;;;;;;;;;;;Fear
73;;;;;;;;;;;;;;;;;;;;;;;;;;;;;;;;;;;;Fear
74;;;;;;;;;;;;;;;;;;;;;;;;;;;;;;;;;;;;Fear
75;;;;;;;;;;;;;;;;;;;;;;;;;;;;;;;;;;;;Fear
76;;;;;;;;;;;;;;;;;;;;;;;;;;;;;;;;;;;;Fear
79;;;;;;;;;;;;;;;;;;;;;;;;;;;;;;;;;;;;Fear
80;;;;;;;;;;;;;;;;;;;;;;;;;;;;;;;;;;;;Fear
81;;;;;;;;;;;;;;;;;;;;;;;;;;;;;;;;;;;;Fear
82;;;;;;;;;;;;;;;;;;;;;;;;;;;;;;;;;;;;Fear
83;;;;;;;;;;;;;;;;;;;;;;;;;;;;;;;;;;;;Fear
84;;;;;;;;;;;;;;;;;;;;;;;;;;;;;;;;;;;;Fear
85;;;;;;;;;;;;;;;;;;;;;;;;;;;;;;;;;;;;Fear
86;;;;;;;;;;;;;;;;;;;;;;;;;;;;;;;;;;;;Fear
87;;;;;;;;;;;;;;;;;;;;;;;;;;;;;;;;;;;;Fear
88;;;;;;;;;;;;;;;;;;;;;;;;;;;;;;;;;;;;Fear
89;;;;;;;;;;;;;;;;;;;;;;;;;;;;;;;;;;;;Fear
90;;;;;;;;;;;;;;;;;;;;;;;;;;;;;;;;;;;;Fear
91;;;;;;;;;;;;;;;;;;;;;;;;;;;;;;;;;;;;Fear
92;;;;;;;;;;;;;;;;;;;;;;;;;;;;;;;;;;;;Fear
93;;;;;;;;;;;;;;;;;;;;;;;;;;;;;;;;;;;;Fear
94;;;;;;;;;;;;;;;;;;;;;;;;;;;;;;;;;;;;Fear
95;;;;;;;;;;;;;;;;;;;;;;;;;;;;;;;;;;;;Fear
96;;;;;;;;;;;;;;;;;;;;;;;;;;;;;;;;;;;;Fear
97;;;;;;;;;;;;;;;;;;;;;;;;;;;;;;;;;;;;Fear
98;;;;;;;;;;;;;;;;;;;;;;;;;;;;;;;;;;;;Fear
99;;;;;;;;;;;;;;;;;;;;;;;;;;;;;;;;;;;;Fear
100;;;;;;;;;;;;;;;;;;;;;;;;;;;;;;;;;;;;Fear
101;;;;;;;;;;;;;;;;;;;;;;;;;;;;;;;;;;;;Fear
102;;;;;;;;;;;;;;;;;;;;;;;;;;;;;;;;;;;;Fear
103;;;;;;;;;;;;;;;;;;;;;;;;;;;;;;;;;;;;Fear
104;;;;;;;;;;;;;;;;;;;;;;;;;;;;;;;;;;;;Fear
105;;;;;;;;;;;;;;;;;;;;;;;;;;;;;;;;;;;;Fear
106;;;;;;;;;;;;;;;;;;;;;;;;;;;;;;;;;;;;Fear
107;;;;;;;;;;;;;;;;;;;;;;;;;;;;;;;;;;;;Fear
108;;;;;;;;;;;;;;;;;;;;;;;;;;;;;;;;;;;;Fear
109;;;;;;;;;;;;;;;;;;;;;;;;;;;;;;;;;;;;Fear
110;;;;;;;;;;;;;;;;;;;;;;;;;;;;;;;;;;;;Fear
111;;;;;;;;;;;;;;;;;;;;;;;;;;;;;;;;;;;;Fear
112;;;;;;;;;;;;;;;;;;;;;;;;;;;;;;;;;;;;Fear
113;;;;;;;;;;;;;;;;;;;;;;;;;;;;;;;;;;;;Fear
114;;;;;;;;;;;;;;;;;;;;;;;;;;;;;;;;;;;;Fear
115;;;;;;;;;;;;;;;;;;;;;;;;;;;;;;;;;;;;Fear
116;;;;;;;;;;;;;;;;;;;;;;;;;;;;;;;;;;;;Fear
117;;;;;;;;;;;;;;;;;;;;;;;;;;;;;;;;;;;;Fear
118;;;;;;;;;;;;;;;;;;;;;;;;;;;;;;;;;;;;Fear
122;;;;;;;;;;;;;;;;;;;;;;;;;;;;;;;;;;;;Fear
123;;;;;;;;;;;;;;;;;;;;;;;;;;;;;;;;;;;;Fear
124;;;;;;;;;;;;;;;;;;;;;;;;;;;;;;;;;;;;Fear
125;;;;;;;;;;;;;;;;;;;;;;;;;;;;;;;;;;;;Fear
126;;;;;;;;;;;;;;;;;;;;;;;;;;;;;;;;;;;;Fear
128;;;;;;;;;;;;;;;;;;;;;;;;;;;;;;;;;;;;Fear
129;;;;;;;;;;;;;;;;;;;;;;;;;;;;;;;;;;;;Fear
130;;;;;;;;;;;;;;;;;;;;;;;;;;;;;;;;;;;;Fear
131;;;;;;;;;;;;;;;;;;;;;;;;;;;;;;;;;;;;Fear
132;;;;;;;;;;;;;;;;;;;;;;;;;;;;;;;;;;;;Fear
133;;;;;;;;;;;;;;;;;;;;;;;;;;;;;;;;;;;;Fear
134;;;;;;;;;;;;;;;;;;;;;;;;;;;;;;;;;;;;Fear
135;;;;;;;;;;;;;;;;;;;;;;;;;;;;;;;;;;;;Fear
136;;;;;;;;;;;;;;;;;;;;;;;;;;;;;;;;;;;;Fear
137;;;;;;;;;;;;;;;;;;;;;;;;;;;;;;;;;;;;Fear
138;;;;;;;;;;;;;;;;;;;;;;;;;;;;;;;;;;;;Fear
139;;;;;;;;;;;;;;;;;;;;;;;;;;;;;;;;;;;;Fear
140;;;;;;;;;;;;;;;;;;;;;;;;;;;;;;;;;;;;Fear
141;;;;;;;;;;;;;;;;;;;;;;;;;;;;;;;;;;;;Fear
142;;;;;;;;;;;;;;;;;;;;;;;;;;;;;;;;;;;;Fear
143;;;;;;;;;;;;;;;;;;;;;;;;;;;;;;;;;;;;Fear
144;;;;;;;;;;;;;;;;;;;;;;;;;;;;;;;;;;;;Fear
145;;;;;;;;;;;;;;;;;;;;;;;;;;;;;;;;;;;;Fear
146;;;;;;;;;;;;;;;;;;;;;;;;;;;;;;;;;;;;Fear
147;;;;;;;;;;;;;;;;;;;;;;;;;;;;;;;;;;;;Fear
148;;;;;;;;;;;;;;;;;;;;;;;;;;;;;;;;;;;;Fear
149;;;;;;;;;;;;;;;;;;;;;;;;;;;;;;;;;;;;Fear
150;;;;;;;;;;;;;;;;;;;;;;;;;;;;;;;;;;;;Fear
151;;;;;;;;;;;;;;;;;;;;;;;;;;;;;;;;;;;;Fear
152;;;;;;;;;;;;;;;;;;;;;;;;;;;;;;;;;;;;Fear
153;;;;;;;;;;;;;;;;;;;;;;;;;;;;;;;;;;;;Fear
154;;;;;;;;;;;;;;;;;;;;;;;;;;;;;;;;;;;;Fear
155;;;;;;;;;;;;;;;;;;;;;;;;;;;;;;;;;;;;Fear
156;;;;;;;;;;;;;;;;;;;;;;;;;;;;;;;;;;;;Fear
157;;;;;;;;;;;;;;;;;;;;;;;;;;;;;;;;;;;;Fear
158;;;;;;;;;;;;;;;;;;;;;;;;;;;;;;;;;;;;Fear
161;;;;;;;;;;;;;;;;;;;;;;;;;;;;;;;;;;;;Fear
162;;;;;;;;;;;;;;;;;;;;;;;;;;;;;;;;;;;;Fear
165;;;;;;;;;;;;;;;;;;;;;;;;;;;;;;;;;;;;Fear
168;;;;;;;;;;;;;;;;;;;;;;;;;;;;;;;;;;;;Fear
169;;;;;;;;;;;;;;;;;;;;;;;;;;;;;;;;;;;;Fear
170;;;;;;;;;;;;;;;;;;;;;;;;;;;;;;;;;;;;Fear
171;;;;;;;;;;;;;;;;;;;;;;;;;;;;;;;;;;;;Fear
172;;;;;;;;;;;;;;;;;;;;;;;;;;;;;;;;;;;;Fear
173;;;;;;;;;;;;;;;;;;;;;;;;;;;;;;;;;;;;Fear
176;;;;;;;;;;;;;;;;;;;;;;;;;;;;;;;;;;;;Fear
177;;;;;;;;;;;;;;;;;;;;;;;;;;;;;;;;;;;;Fear
178;;;;;;;;;;;;;;;;;;;;;;;;;;;;;;;;;;;;Fear
179;;;;;;;;;;;;;;;;;;;;;;;;;;;;;;;;;;;;Fear
180;;;;;;;;;;;;;;;;;;;;;;;;;;;;;;;;;;;;Fear
181;;;;;;;;;;;;;;;;;;;;;;;;;;;;;;;;;;;;Fear
182;;;;;;;;;;;;;;;;;;;;;;;;;;;;;;;;;;;;Fear
183;;;;;;;;;;;;;;;;;;;;;;;;;;;;;;;;;;;;Fear
184;;;;;;;;;;;;;;;;;;;;;;;;;;;;;;;;;;;;Fear
185;;;;;;;;;;;;;;;;;;;;;;;;;;;;;;;;;;;;Fear
186;;;;;;;;;;;;;;;;;;;;;;;;;;;;;;;;;;;;Fear
187;;;;;;;;;;;;;;;;;;;;;;;;;;;;;;;;;;;;Fear
190;;;;;;;;;;;;;;;;;;;;;;;;;;;;;;;;;;;;Fear
191;;;;;;;;;;;;;;;;;;;;;;;;;;;;;;;;;;;;Fear
192;;;;;;;;;;;;;;;;;;;;;;;;;;;;;;;;;;;;Fear
195;;;;;;;;;;;;;;;;;;;;;;;;;;;;;;;;;;;;Fear
196;;;;;;;;;;;;;;;;;;;;;;;;;;;;;;;;;;;;Fear
199;;;;;;;;;;;;;;;;;;;;;;;;;;;;;;;;;;;;Fear
200;;;;;;;;;;;;;;;;;;;;;;;;;;;;;;;;;;;;Fear
1;;;;;;;;;;;;;;;;;;;;;;;;;;;;;;;;;;;;Happy
2;;;;;;;;;;;;;;;;;;;;;;;;;;;;;;;;;;;;Happy
3;;;;;;;;;;;;;;;;;;;;;;;;;;;;;;;;;;;;Happy
4;;;;;;;;;;;;;;;;;;;;;;;;;;;;;;;;;;;;Happy
5;;;;;;;;;;;;;;;;;;;;;;;;;;;;;;;;;;;;Happy
6;;;;;;;;;;;;;;;;;;;;;;;;;;;;;;;;;;;;Happy
7;;;;;;;;;;;;;;;;;;;;;;;;;;;;;;;;;;;;Happy
8;;;;;;;;;;;;;;;;;;;;;;;;;;;;;;;;;;;;Happy
9;;;;;;;;;;;;;;;;;;;;;;;;;;;;;;;;;;;;Happy
10;;;;;;;;;;;;;;;;;;;;;;;;;;;;;;;;;;;;Happy
11;;;;;;;;;;;;;;;;;;;;;;;;;;;;;;;;;;;;Happy
12;;;;;;;;;;;;;;;;;;;;;;;;;;;;;;;;;;;;Happy
13;;;;;;;;;;;;;;;;;;;;;;;;;;;;;;;;;;;;Happy
14;;;;;;;;;;;;;;;;;;;;;;;;;;;;;;;;;;;;Happy
15;;;;;;;;;;;;;;;;;;;;;;;;;;;;;;;;;;;;Happy
16;;;;;;;;;;;;;;;;;;;;;;;;;;;;;;;;;;;;Happy
17;;;;;;;;;;;;;;;;;;;;;;;;;;;;;;;;;;;;Happy
18;;;;;;;;;;;;;;;;;;;;;;;;;;;;;;;;;;;;Happy
19;;;;;;;;;;;;;;;;;;;;;;;;;;;;;;;;;;;;Happy
20;;;;;;;;;;;;;;;;;;;;;;;;;;;;;;;;;;;;Happy
21;;;;;;;;;;;;;;;;;;;;;;;;;;;;;;;;;;;;Happy
22;;;;;;;;;;;;;;;;;;;;;;;;;;;;;;;;;;;;Happy
23;;;;;;;;;;;;;;;;;;;;;;;;;;;;;;;;;;;;Happy
24;;;;;;;;;;;;;;;;;;;;;;;;;;;;;;;;;;;;Happy
25;;;;;;;;;;;;;;;;;;;;;;;;;;;;;;;;;;;;Happy
26;;;;;;;;;;;;;;;;;;;;;;;;;;;;;;;;;;;;Happy
27;;;;;;;;;;;;;;;;;;;;;;;;;;;;;;;;;;;;Happy
28;;;;;;;;;;;;;;;;;;;;;;;;;;;;;;;;;;;;Happy
29;;;;;;;;;;;;;;;;;;;;;;;;;;;;;;;;;;;;Happy
30;;;;;;;;;;;;;;;;;;;;;;;;;;;;;;;;;;;;Happy
31;;;;;;;;;;;;;;;;;;;;;;;;;;;;;;;;;;;;Happy
32;;;;;;;;;;;;;;;;;;;;;;;;;;;;;;;;;;;;Happy
33;;;;;;;;;;;;;;;;;;;;;;;;;;;;;;;;;;;;Happy
34;;;;;;;;;;;;;;;;;;;;;;;;;;;;;;;;;;;;Happy
35;;;;;;;;;;;;;;;;;;;;;;;;;;;;;;;;;;;;Happy
36;;;;;;;;;;;;;;;;;;;;;;;;;;;;;;;;;;;;Happy
37;;;;;;;;;;;;;;;;;;;;;;;;;;;;;;;;;;;;Happy
38;;;;;;;;;;;;;;;;;;;;;;;;;;;;;;;;;;;;Happy
39;;;;;;;;;;;;;;;;;;;;;;;;;;;;;;;;;;;;Happy
40;;;;;;;;;;;;;;;;;;;;;;;;;;;;;;;;;;;;Happy
41;;;;;;;;;;;;;;;;;;;;;;;;;;;;;;;;;;;;Happy
42;;;;;;;;;;;;;;;;;;;;;;;;;;;;;;;;;;;;Happy
43;;;;;;;;;;;;;;;;;;;;;;;;;;;;;;;;;;;;Happy
44;;;;;;;;;;;;;;;;;;;;;;;;;;;;;;;;;;;;Happy
45;;;;;;;;;;;;;;;;;;;;;;;;;;;;;;;;;;;;Happy
46;;;;;;;;;;;;;;;;;;;;;;;;;;;;;;;;;;;;Happy
47;;;;;;;;;;;;;;;;;;;;;;;;;;;;;;;;;;;;Happy
48;;;;;;;;;;;;;;;;;;;;;;;;;;;;;;;;;;;;Happy
49;;;;;;;;;;;;;;;;;;;;;;;;;;;;;;;;;;;;Happy
50;;;;;;;;;;;;;;;;;;;;;;;;;;;;;;;;;;;;Happy
51;;;;;;;;;;;;;;;;;;;;;;;;;;;;;;;;;;;;Happy
52;;;;;;;;;;;;;;;;;;;;;;;;;;;;;;;;;;;;Happy
53;;;;;;;;;;;;;;;;;;;;;;;;;;;;;;;;;;;;Happy
54;;;;;;;;;;;;;;;;;;;;;;;;;;;;;;;;;;;;Happy
55;;;;;;;;;;;;;;;;;;;;;;;;;;;;;;;;;;;;Happy
56;;;;;;;;;;;;;;;;;;;;;;;;;;;;;;;;;;;;Happy
57;;;;;;;;;;;;;;;;;;;;;;;;;;;;;;;;;;;;Happy
58;;;;;;;;;;;;;;;;;;;;;;;;;;;;;;;;;;;;Happy
59;;;;;;;;;;;;;;;;;;;;;;;;;;;;;;;;;;;;Happy
60;;;;;;;;;;;;;;;;;;;;;;;;;;;;;;;;;;;;Happy
61;;;;;;;;;;;;;;;;;;;;;;;;;;;;;;;;;;;;Happy
62;;;;;;;;;;;;;;;;;;;;;;;;;;;;;;;;;;;;Happy
63;;;;;;;;;;;;;;;;;;;;;;;;;;;;;;;;;;;;Happy
64;;;;;;;;;;;;;;;;;;;;;;;;;;;;;;;;;;;;Happy
65;;;;;;;;;;;;;;;;;;;;;;;;;;;;;;;;;;;;Happy
66;;;;;;;;;;;;;;;;;;;;;;;;;;;;;;;;;;;;Happy
67;;;;;;;;;;;;;;;;;;;;;;;;;;;;;;;;;;;;Happy
68;;;;;;;;;;;;;;;;;;;;;;;;;;;;;;;;;;;;Happy
69;;;;;;;;;;;;;;;;;;;;;;;;;;;;;;;;;;;;Happy
70;;;;;;;;;;;;;;;;;;;;;;;;;;;;;;;;;;;;Happy
71;;;;;;;;;;;;;;;;;;;;;;;;;;;;;;;;;;;;Happy
72;;;;;;;;;;;;;;;;;;;;;;;;;;;;;;;;;;;;Happy
73;;;;;;;;;;;;;;;;;;;;;;;;;;;;;;;;;;;;Happy
74;;;;;;;;;;;;;;;;;;;;;;;;;;;;;;;;;;;;Happy
75;;;;;;;;;;;;;;;;;;;;;;;;;;;;;;;;;;;;Happy
76;;;;;;;;;;;;;;;;;;;;;;;;;;;;;;;;;;;;Happy
77;;;;;;;;;;;;;;;;;;;;;;;;;;;;;;;;;;;;Happy
78;;;;;;;;;;;;;;;;;;;;;;;;;;;;;;;;;;;;Happy
79;;;;;;;;;;;;;;;;;;;;;;;;;;;;;;;;;;;;Happy
80;;;;;;;;;;;;;;;;;;;;;;;;;;;;;;;;;;;;Happy
81;;;;;;;;;;;;;;;;;;;;;;;;;;;;;;;;;;;;Happy
82;;;;;;;;;;;;;;;;;;;;;;;;;;;;;;;;;;;;Happy
83;;;;;;;;;;;;;;;;;;;;;;;;;;;;;;;;;;;;Happy
84;;;;;;;;;;;;;;;;;;;;;;;;;;;;;;;;;;;;Happy
85;;;;;;;;;;;;;;;;;;;;;;;;;;;;;;;;;;;;Happy
86;;;;;;;;;;;;;;;;;;;;;;;;;;;;;;;;;;;;Happy
87;;;;;;;;;;;;;;;;;;;;;;;;;;;;;;;;;;;;Happy
88;;;;;;;;;;;;;;;;;;;;;;;;;;;;;;;;;;;;Happy
89;;;;;;;;;;;;;;;;;;;;;;;;;;;;;;;;;;;;Happy
90;;;;;;;;;;;;;;;;;;;;;;;;;;;;;;;;;;;;Happy
91;;;;;;;;;;;;;;;;;;;;;;;;;;;;;;;;;;;;Happy
92;;;;;;;;;;;;;;;;;;;;;;;;;;;;;;;;;;;;Happy
93;;;;;;;;;;;;;;;;;;;;;;;;;;;;;;;;;;;;Happy
94;;;;;;;;;;;;;;;;;;;;;;;;;;;;;;;;;;;;Happy
95;;;;;;;;;;;;;;;;;;;;;;;;;;;;;;;;;;;;Happy
96;;;;;;;;;;;;;;;;;;;;;;;;;;;;;;;;;;;;Happy
97;;;;;;;;;;;;;;;;;;;;;;;;;;;;;;;;;;;;Happy
98;;;;;;;;;;;;;;;;;;;;;;;;;;;;;;;;;;;;Happy
99;;;;;;;;;;;;;;;;;;;;;;;;;;;;;;;;;;;;Happy
100;;;;;;;;;;;;;;;;;;;;;;;;;;;;;;;;;;;;Happy
101;;;;;;;;;;;;;;;;;;;;;;;;;;;;;;;;;;;;Happy
102;;;;;;;;;;;;;;;;;;;;;;;;;;;;;;;;;;;;Happy
103;;;;;;;;;;;;;;;;;;;;;;;;;;;;;;;;;;;;Happy
104;;;;;;;;;;;;;;;;;;;;;;;;;;;;;;;;;;;;Happy
105;;;;;;;;;;;;;;;;;;;;;;;;;;;;;;;;;;;;Happy
106;;;;;;;;;;;;;;;;;;;;;;;;;;;;;;;;;;;;Happy
107;;;;;;;;;;;;;;;;;;;;;;;;;;;;;;;;;;;;Happy
108;;;;;;;;;;;;;;;;;;;;;;;;;;;;;;;;;;;;Happy
109;;;;;;;;;;;;;;;;;;;;;;;;;;;;;;;;;;;;Happy
110;;;;;;;;;;;;;;;;;;;;;;;;;;;;;;;;;;;;Happy
111;;;;;;;;;;;;;;;;;;;;;;;;;;;;;;;;;;;;Happy
112;;;;;;;;;;;;;;;;;;;;;;;;;;;;;;;;;;;;Happy
113;;;;;;;;;;;;;;;;;;;;;;;;;;;;;;;;;;;;Happy
114;;;;;;;;;;;;;;;;;;;;;;;;;;;;;;;;;;;;Happy
115;;;;;;;;;;;;;;;;;;;;;;;;;;;;;;;;;;;;Happy
116;;;;;;;;;;;;;;;;;;;;;;;;;;;;;;;;;;;;Happy
117;;;;;;;;;;;;;;;;;;;;;;;;;;;;;;;;;;;;Happy
118;;;;;;;;;;;;;;;;;;;;;;;;;;;;;;;;;;;;Happy
119;;;;;;;;;;;;;;;;;;;;;;;;;;;;;;;;;;;;Happy
120;;;;;;;;;;;;;;;;;;;;;;;;;;;;;;;;;;;;Happy
121;;;;;;;;;;;;;;;;;;;;;;;;;;;;;;;;;;;;Happy
122;;;;;;;;;;;;;;;;;;;;;;;;;;;;;;;;;;;;Happy
123;;;;;;;;;;;;;;;;;;;;;;;;;;;;;;;;;;;;Happy
124;;;;;;;;;;;;;;;;;;;;;;;;;;;;;;;;;;;;Happy
125;;;;;;;;;;;;;;;;;;;;;;;;;;;;;;;;;;;;Happy
126;;;;;;;;;;;;;;;;;;;;;;;;;;;;;;;;;;;;Happy
127;;;;;;;;;;;;;;;;;;;;;;;;;;;;;;;;;;;;Happy
128;;;;;;;;;;;;;;;;;;;;;;;;;;;;;;;;;;;;Happy
129;;;;;;;;;;;;;;;;;;;;;;;;;;;;;;;;;;;;Happy
130;;;;;;;;;;;;;;;;;;;;;;;;;;;;;;;;;;;;Happy
131;;;;;;;;;;;;;;;;;;;;;;;;;;;;;;;;;;;;Happy
132;;;;;;;;;;;;;;;;;;;;;;;;;;;;;;;;;;;;Happy
133;;;;;;;;;;;;;;;;;;;;;;;;;;;;;;;;;;;;Happy
134;;;;;;;;;;;;;;;;;;;;;;;;;;;;;;;;;;;;Happy
135;;;;;;;;;;;;;;;;;;;;;;;;;;;;;;;;;;;;Happy
136;;;;;;;;;;;;;;;;;;;;;;;;;;;;;;;;;;;;Happy
137;;;;;;;;;;;;;;;;;;;;;;;;;;;;;;;;;;;;Happy
138;;;;;;;;;;;;;;;;;;;;;;;;;;;;;;;;;;;;Happy
139;;;;;;;;;;;;;;;;;;;;;;;;;;;;;;;;;;;;Happy
140;;;;;;;;;;;;;;;;;;;;;;;;;;;;;;;;;;;;Happy
141;;;;;;;;;;;;;;;;;;;;;;;;;;;;;;;;;;;;Happy
142;;;;;;;;;;;;;;;;;;;;;;;;;;;;;;;;;;;;Happy
143;;;;;;;;;;;;;;;;;;;;;;;;;;;;;;;;;;;;Happy
144;;;;;;;;;;;;;;;;;;;;;;;;;;;;;;;;;;;;Happy
145;;;;;;;;;;;;;;;;;;;;;;;;;;;;;;;;;;;;Happy
146;;;;;;;;;;;;;;;;;;;;;;;;;;;;;;;;;;;;Happy
147;;;;;;;;;;;;;;;;;;;;;;;;;;;;;;;;;;;;Happy
148;;;;;;;;;;;;;;;;;;;;;;;;;;;;;;;;;;;;Happy
149;;;;;;;;;;;;;;;;;;;;;;;;;;;;;;;;;;;;Happy
150;;;;;;;;;;;;;;;;;;;;;;;;;;;;;;;;;;;;Happy
151;;;;;;;;;;;;;;;;;;;;;;;;;;;;;;;;;;;;Happy
152;;;;;;;;;;;;;;;;;;;;;;;;;;;;;;;;;;;;Happy
153;;;;;;;;;;;;;;;;;;;;;;;;;;;;;;;;;;;;Happy
154;;;;;;;;;;;;;;;;;;;;;;;;;;;;;;;;;;;;Happy
155;;;;;;;;;;;;;;;;;;;;;;;;;;;;;;;;;;;;Happy
156;;;;;;;;;;;;;;;;;;;;;;;;;;;;;;;;;;;;Happy
157;;;;;;;;;;;;;;;;;;;;;;;;;;;;;;;;;;;;Happy
158;;;;;;;;;;;;;;;;;;;;;;;;;;;;;;;;;;;;Happy
159;;;;;;;;;;;;;;;;;;;;;;;;;;;;;;;;;;;;Happy
160;;;;;;;;;;;;;;;;;;;;;;;;;;;;;;;;;;;;Happy
161;;;;;;;;;;;;;;;;;;;;;;;;;;;;;;;;;;;;Happy
162;;;;;;;;;;;;;;;;;;;;;;;;;;;;;;;;;;;;Happy
163;;;;;;;;;;;;;;;;;;;;;;;;;;;;;;;;;;;;Happy
164;;;;;;;;;;;;;;;;;;;;;;;;;;;;;;;;;;;;Happy
165;;;;;;;;;;;;;;;;;;;;;;;;;;;;;;;;;;;;Happy
166;;;;;;;;;;;;;;;;;;;;;;;;;;;;;;;;;;;;Happy
167;;;;;;;;;;;;;;;;;;;;;;;;;;;;;;;;;;;;Happy
168;;;;;;;;;;;;;;;;;;;;;;;;;;;;;;;;;;;;Happy
169;;;;;;;;;;;;;;;;;;;;;;;;;;;;;;;;;;;;Happy
170;;;;;;;;;;;;;;;;;;;;;;;;;;;;;;;;;;;;Happy
171;;;;;;;;;;;;;;;;;;;;;;;;;;;;;;;;;;;;Happy
172;;;;;;;;;;;;;;;;;;;;;;;;;;;;;;;;;;;;Happy
173;;;;;;;;;;;;;;;;;;;;;;;;;;;;;;;;;;;;Happy
174;;;;;;;;;;;;;;;;;;;;;;;;;;;;;;;;;;;;Happy
175;;;;;;;;;;;;;;;;;;;;;;;;;;;;;;;;;;;;Happy
176;;;;;;;;;;;;;;;;;;;;;;;;;;;;;;;;;;;;Happy
177;;;;;;;;;;;;;;;;;;;;;;;;;;;;;;;;;;;;Happy
178;;;;;;;;;;;;;;;;;;;;;;;;;;;;;;;;;;;;Happy
179;;;;;;;;;;;;;;;;;;;;;;;;;;;;;;;;;;;;Happy
180;;;;;;;;;;;;;;;;;;;;;;;;;;;;;;;;;;;;Happy
181;;;;;;;;;;;;;;;;;;;;;;;;;;;;;;;;;;;;Happy
182;;;;;;;;;;;;;;;;;;;;;;;;;;;;;;;;;;;;Happy
183;;;;;;;;;;;;;;;;;;;;;;;;;;;;;;;;;;;;Happy
184;;;;;;;;;;;;;;;;;;;;;;;;;;;;;;;;;;;;Happy
185;;;;;;;;;;;;;;;;;;;;;;;;;;;;;;;;;;;;Happy
186;;;;;;;;;;;;;;;;;;;;;;;;;;;;;;;;;;;;Happy
187;;;;;;;;;;;;;;;;;;;;;;;;;;;;;;;;;;;;Happy
188;;;;;;;;;;;;;;;;;;;;;;;;;;;;;;;;;;;;Happy
189;;;;;;;;;;;;;;;;;;;;;;;;;;;;;;;;;;;;Happy
190;;;;;;;;;;;;;;;;;;;;;;;;;;;;;;;;;;;;Happy
191;;;;;;;;;;;;;;;;;;;;;;;;;;;;;;;;;;;;Happy
192;;;;;;;;;;;;;;;;;;;;;;;;;;;;;;;;;;;;Happy
193;;;;;;;;;;;;;;;;;;;;;;;;;;;;;;;;;;;;Happy
194;;;;;;;;;;;;;;;;;;;;;;;;;;;;;;;;;;;;Happy
195;;;;;;;;;;;;;;;;;;;;;;;;;;;;;;;;;;;;Happy
196;;;;;;;;;;;;;;;;;;;;;;;;;;;;;;;;;;;;Happy
197;;;;;;;;;;;;;;;;;;;;;;;;;;;;;;;;;;;;Happy
198;;;;;;;;;;;;;;;;;;;;;;;;;;;;;;;;;;;;Happy
199;;;;;;;;;;;;;;;;;;;;;;;;;;;;;;;;;;;;Happy
200;;;;;;;;;;;;;;;;;;;;;;;;;;;;;;;;;;;;Happy
1;;;;;;;;;;;;;;;;;;;;;;;;;;;;;;;;;;;;Neutral
2;;;;;;;;;;;;;;;;;;;;;;;;;;;;;;;;;;;;Neutral
3;;;;;;;;;;;;;;;;;;;;;;;;;;;;;;;;;;;;Neutral
4;;;;;;;;;;;;;;;;;;;;;;;;;;;;;;;;;;;;Neutral
5;;;;;;;;;;;;;;;;;;;;;;;;;;;;;;;;;;;;Neutral
6;;;;;;;;;;;;;;;;;;;;;;;;;;;;;;;;;;;;Neutral
7;;;;;;;;;;;;;;;;;;;;;;;;;;;;;;;;;;;;Neutral
8;;;;;;;;;;;;;;;;;;;;;;;;;;;;;;;;;;;;Neutral
9;;;;;;;;;;;;;;;;;;;;;;;;;;;;;;;;;;;;Neutral
10;;;;;;;;;;;;;;;;;;;;;;;;;;;;;;;;;;;;Neutral
11;;;;;;;;;;;;;;;;;;;;;;;;;;;;;;;;;;;;Neutral
12;;;;;;;;;;;;;;;;;;;;;;;;;;;;;;;;;;;;Neutral
13;;;;;;;;;;;;;;;;;;;;;;;;;;;;;;;;;;;;Neutral
14;;;;;;;;;;;;;;;;;;;;;;;;;;;;;;;;;;;;Neutral
15;;;;;;;;;;;;;;;;;;;;;;;;;;;;;;;;;;;;Neutral
16;;;;;;;;;;;;;;;;;;;;;;;;;;;;;;;;;;;;Neutral
17;;;;;;;;;;;;;;;;;;;;;;;;;;;;;;;;;;;;Neutral
18;;;;;;;;;;;;;;;;;;;;;;;;;;;;;;;;;;;;Neutral
19;;;;;;;;;;;;;;;;;;;;;;;;;;;;;;;;;;;;Neutral
20;;;;;;;;;;;;;;;;;;;;;;;;;;;;;;;;;;;;Neutral
21;;;;;;;;;;;;;;;;;;;;;;;;;;;;;;;;;;;;Neutral
22;;;;;;;;;;;;;;;;;;;;;;;;;;;;;;;;;;;;Neutral
23;;;;;;;;;;;;;;;;;;;;;;;;;;;;;;;;;;;;Neutral
24;;;;;;;;;;;;;;;;;;;;;;;;;;;;;;;;;;;;Neutral
25;;;;;;;;;;;;;;;;;;;;;;;;;;;;;;;;;;;;Neutral
26;;;;;;;;;;;;;;;;;;;;;;;;;;;;;;;;;;;;Neutral
27;;;;;;;;;;;;;;;;;;;;;;;;;;;;;;;;;;;;Neutral
28;;;;;;;;;;;;;;;;;;;;;;;;;;;;;;;;;;;;Neutral
29;;;;;;;;;;;;;;;;;;;;;;;;;;;;;;;;;;;;Neutral
30;;;;;;;;;;;;;;;;;;;;;;;;;;;;;;;;;;;;Neutral
31;;;;;;;;;;;;;;;;;;;;;;;;;;;;;;;;;;;;Neutral
32;;;;;;;;;;;;;;;;;;;;;;;;;;;;;;;;;;;;Neutral
33;;;;;;;;;;;;;;;;;;;;;;;;;;;;;;;;;;;;Neutral
34;;;;;;;;;;;;;;;;;;;;;;;;;;;;;;;;;;;;Neutral
35;;;;;;;;;;;;;;;;;;;;;;;;;;;;;;;;;;;;Neutral
36;;;;;;;;;;;;;;;;;;;;;;;;;;;;;;;;;;;;Neutral
37;;;;;;;;;;;;;;;;;;;;;;;;;;;;;;;;;;;;Neutral
38;;;;;;;;;;;;;;;;;;;;;;;;;;;;;;;;;;;;Neutral
39;;;;;;;;;;;;;;;;;;;;;;;;;;;;;;;;;;;;Neutral
40;;;;;;;;;;;;;;;;;;;;;;;;;;;;;;;;;;;;Neutral
41;;;;;;;;;;;;;;;;;;;;;;;;;;;;;;;;;;;;Neutral
42;;;;;;;;;;;;;;;;;;;;;;;;;;;;;;;;;;;;Neutral
43;;;;;;;;;;;;;;;;;;;;;;;;;;;;;;;;;;;;Neutral
44;;;;;;;;;;;;;;;;;;;;;;;;;;;;;;;;;;;;Neutral
45;;;;;;;;;;;;;;;;;;;;;;;;;;;;;;;;;;;;Neutral
46;;;;;;;;;;;;;;;;;;;;;;;;;;;;;;;;;;;;Neutral
47;;;;;;;;;;;;;;;;;;;;;;;;;;;;;;;;;;;;Neutral
48;;;;;;;;;;;;;;;;;;;;;;;;;;;;;;;;;;;;Neutral
49;;;;;;;;;;;;;;;;;;;;;;;;;;;;;;;;;;;;Neutral
50;;;;;;;;;;;;;;;;;;;;;;;;;;;;;;;;;;;;Neutral
51;;;;;;;;;;;;;;;;;;;;;;;;;;;;;;;;;;;;Neutral
52;;;;;;;;;;;;;;;;;;;;;;;;;;;;;;;;;;;;Neutral
53;;;;;;;;;;;;;;;;;;;;;;;;;;;;;;;;;;;;Neutral
54;;;;;;;;;;;;;;;;;;;;;;;;;;;;;;;;;;;;Neutral
55;;;;;;;;;;;;;;;;;;;;;;;;;;;;;;;;;;;;Neutral
56;;;;;;;;;;;;;;;;;;;;;;;;;;;;;;;;;;;;Neutral
57;;;;;;;;;;;;;;;;;;;;;;;;;;;;;;;;;;;;Neutral
58;;;;;;;;;;;;;;;;;;;;;;;;;;;;;;;;;;;;Neutral
59;;;;;;;;;;;;;;;;;;;;;;;;;;;;;;;;;;;;Neutral
60;;;;;;;;;;;;;;;;;;;;;;;;;;;;;;;;;;;;Neutral
61;;;;;;;;;;;;;;;;;;;;;;;;;;;;;;;;;;;;Neutral
62;;;;;;;;;;;;;;;;;;;;;;;;;;;;;;;;;;;;Neutral
63;;;;;;;;;;;;;;;;;;;;;;;;;;;;;;;;;;;;Neutral
64;;;;;;;;;;;;;;;;;;;;;;;;;;;;;;;;;;;;Neutral
65;;;;;;;;;;;;;;;;;;;;;;;;;;;;;;;;;;;;Neutral
66;;;;;;;;;;;;;;;;;;;;;;;;;;;;;;;;;;;;Neutral
67;;;;;;;;;;;;;;;;;;;;;;;;;;;;;;;;;;;;Neutral
68;;;;;;;;;;;;;;;;;;;;;;;;;;;;;;;;;;;;Neutral
69;;;;;;;;;;;;;;;;;;;;;;;;;;;;;;;;;;;;Neutral
70;;;;;;;;;;;;;;;;;;;;;;;;;;;;;;;;;;;;Neutral
71;;;;;;;;;;;;;;;;;;;;;;;;;;;;;;;;;;;;Neutral
72;;;;;;;;;;;;;;;;;;;;;;;;;;;;;;;;;;;;Neutral
73;;;;;;;;;;;;;;;;;;;;;;;;;;;;;;;;;;;;Neutral
74;;;;;;;;;;;;;;;;;;;;;;;;;;;;;;;;;;;;Neutral
75;;;;;;;;;;;;;;;;;;;;;;;;;;;;;;;;;;;;Neutral
76;;;;;;;;;;;;;;;;;;;;;;;;;;;;;;;;;;;;Neutral
77;;;;;;;;;;;;;;;;;;;;;;;;;;;;;;;;;;;;Neutral
78;;;;;;;;;;;;;;;;;;;;;;;;;;;;;;;;;;;;Neutral
79;;;;;;;;;;;;;;;;;;;;;;;;;;;;;;;;;;;;Neutral
80;;;;;;;;;;;;;;;;;;;;;;;;;;;;;;;;;;;;Neutral
81;;;;;;;;;;;;;;;;;;;;;;;;;;;;;;;;;;;;Neutral
82;;;;;;;;;;;;;;;;;;;;;;;;;;;;;;;;;;;;Neutral
83;;;;;;;;;;;;;;;;;;;;;;;;;;;;;;;;;;;;Neutral
84;;;;;;;;;;;;;;;;;;;;;;;;;;;;;;;;;;;;Neutral
85;;;;;;;;;;;;;;;;;;;;;;;;;;;;;;;;;;;;Neutral
86;;;;;;;;;;;;;;;;;;;;;;;;;;;;;;;;;;;;Neutral
87;;;;;;;;;;;;;;;;;;;;;;;;;;;;;;;;;;;;Neutral
88;;;;;;;;;;;;;;;;;;;;;;;;;;;;;;;;;;;;Neutral
89;;;;;;;;;;;;;;;;;;;;;;;;;;;;;;;;;;;;Neutral
90;;;;;;;;;;;;;;;;;;;;;;;;;;;;;;;;;;;;Neutral
91;;;;;;;;;;;;;;;;;;;;;;;;;;;;;;;;;;;;Neutral
92;;;;;;;;;;;;;;;;;;;;;;;;;;;;;;;;;;;;Neutral
93;;;;;;;;;;;;;;;;;;;;;;;;;;;;;;;;;;;;Neutral
94;;;;;;;;;;;;;;;;;;;;;;;;;;;;;;;;;;;;Neutral
95;;;;;;;;;;;;;;;;;;;;;;;;;;;;;;;;;;;;Neutral
96;;;;;;;;;;;;;;;;;;;;;;;;;;;;;;;;;;;;Neutral
97;;;;;;;;;;;;;;;;;;;;;;;;;;;;;;;;;;;;Neutral
98;;;;;;;;;;;;;;;;;;;;;;;;;;;;;;;;;;;;Neutral
99;;;;;;;;;;;;;;;;;;;;;;;;;;;;;;;;;;;;Neutral
100;;;;;;;;;;;;;;;;;;;;;;;;;;;;;;;;;;;;Neutral
101;;;;;;;;;;;;;;;;;;;;;;;;;;;;;;;;;;;;Neutral
102;;;;;;;;;;;;;;;;;;;;;;;;;;;;;;;;;;;;Neutral
103;;;;;;;;;;;;;;;;;;;;;;;;;;;;;;;;;;;;Neutral
104;;;;;;;;;;;;;;;;;;;;;;;;;;;;;;;;;;;;Neutral
105;;;;;;;;;;;;;;;;;;;;;;;;;;;;;;;;;;;;Neutral
106;;;;;;;;;;;;;;;;;;;;;;;;;;;;;;;;;;;;Neutral
107;;;;;;;;;;;;;;;;;;;;;;;;;;;;;;;;;;;;Neutral
108;;;;;;;;;;;;;;;;;;;;;;;;;;;;;;;;;;;;Neutral
109;;;;;;;;;;;;;;;;;;;;;;;;;;;;;;;;;;;;Neutral
110;;;;;;;;;;;;;;;;;;;;;;;;;;;;;;;;;;;;Neutral
111;;;;;;;;;;;;;;;;;;;;;;;;;;;;;;;;;;;;Neutral
112;;;;;;;;;;;;;;;;;;;;;;;;;;;;;;;;;;;;Neutral
113;;;;;;;;;;;;;;;;;;;;;;;;;;;;;;;;;;;;Neutral
114;;;;;;;;;;;;;;;;;;;;;;;;;;;;;;;;;;;;Neutral
115;;;;;;;;;;;;;;;;;;;;;;;;;;;;;;;;;;;;Neutral
116;;;;;;;;;;;;;;;;;;;;;;;;;;;;;;;;;;;;Neutral
117;;;;;;;;;;;;;;;;;;;;;;;;;;;;;;;;;;;;Neutral
118;;;;;;;;;;;;;;;;;;;;;;;;;;;;;;;;;;;;Neutral
120;;;;;;;;;;;;;;;;;;;;;;;;;;;;;;;;;;;;Neutral
121;;;;;;;;;;;;;;;;;;;;;;;;;;;;;;;;;;;;Neutral
122;;;;;;;;;;;;;;;;;;;;;;;;;;;;;;;;;;;;Neutral
123;;;;;;;;;;;;;;;;;;;;;;;;;;;;;;;;;;;;Neutral
124;;;;;;;;;;;;;;;;;;;;;;;;;;;;;;;;;;;;Neutral
125;;;;;;;;;;;;;;;;;;;;;;;;;;;;;;;;;;;;Neutral
126;;;;;;;;;;;;;;;;;;;;;;;;;;;;;;;;;;;;Neutral
127;;;;;;;;;;;;;;;;;;;;;;;;;;;;;;;;;;;;Neutral
128;;;;;;;;;;;;;;;;;;;;;;;;;;;;;;;;;;;;Neutral
129;;;;;;;;;;;;;;;;;;;;;;;;;;;;;;;;;;;;Neutral
130;;;;;;;;;;;;;;;;;;;;;;;;;;;;;;;;;;;;Neutral
131;;;;;;;;;;;;;;;;;;;;;;;;;;;;;;;;;;;;Neutral
132;;;;;;;;;;;;;;;;;;;;;;;;;;;;;;;;;;;;Neutral
133;;;;;;;;;;;;;;;;;;;;;;;;;;;;;;;;;;;;Neutral
134;;;;;;;;;;;;;;;;;;;;;;;;;;;;;;;;;;;;Neutral
135;;;;;;;;;;;;;;;;;;;;;;;;;;;;;;;;;;;;Neutral
136;;;;;;;;;;;;;;;;;;;;;;;;;;;;;;;;;;;;Neutral
137;;;;;;;;;;;;;;;;;;;;;;;;;;;;;;;;;;;;Neutral
138;;;;;;;;;;;;;;;;;;;;;;;;;;;;;;;;;;;;Neutral
139;;;;;;;;;;;;;;;;;;;;;;;;;;;;;;;;;;;;Neutral
140;;;;;;;;;;;;;;;;;;;;;;;;;;;;;;;;;;;;Neutral
141;;;;;;;;;;;;;;;;;;;;;;;;;;;;;;;;;;;;Neutral
142;;;;;;;;;;;;;;;;;;;;;;;;;;;;;;;;;;;;Neutral
143;;;;;;;;;;;;;;;;;;;;;;;;;;;;;;;;;;;;Neutral
144;;;;;;;;;;;;;;;;;;;;;;;;;;;;;;;;;;;;Neutral
145;;;;;;;;;;;;;;;;;;;;;;;;;;;;;;;;;;;;Neutral
146;;;;;;;;;;;;;;;;;;;;;;;;;;;;;;;;;;;;Neutral
147;;;;;;;;;;;;;;;;;;;;;;;;;;;;;;;;;;;;Neutral
148;;;;;;;;;;;;;;;;;;;;;;;;;;;;;;;;;;;;Neutral
149;;;;;;;;;;;;;;;;;;;;;;;;;;;;;;;;;;;;Neutral
150;;;;;;;;;;;;;;;;;;;;;;;;;;;;;;;;;;;;Neutral
151;;;;;;;;;;;;;;;;;;;;;;;;;;;;;;;;;;;;Neutral
152;;;;;;;;;;;;;;;;;;;;;;;;;;;;;;;;;;;;Neutral
153;;;;;;;;;;;;;;;;;;;;;;;;;;;;;;;;;;;;Neutral
154;;;;;;;;;;;;;;;;;;;;;;;;;;;;;;;;;;;;Neutral
155;;;;;;;;;;;;;;;;;;;;;;;;;;;;;;;;;;;;Neutral
156;;;;;;;;;;;;;;;;;;;;;;;;;;;;;;;;;;;;Neutral
157;;;;;;;;;;;;;;;;;;;;;;;;;;;;;;;;;;;;Neutral
158;;;;;;;;;;;;;;;;;;;;;;;;;;;;;;;;;;;;Neutral
159;;;;;;;;;;;;;;;;;;;;;;;;;;;;;;;;;;;;Neutral
160;;;;;;;;;;;;;;;;;;;;;;;;;;;;;;;;;;;;Neutral
161;;;;;;;;;;;;;;;;;;;;;;;;;;;;;;;;;;;;Neutral
162;;;;;;;;;;;;;;;;;;;;;;;;;;;;;;;;;;;;Neutral
163;;;;;;;;;;;;;;;;;;;;;;;;;;;;;;;;;;;;Neutral
164;;;;;;;;;;;;;;;;;;;;;;;;;;;;;;;;;;;;Neutral
165;;;;;;;;;;;;;;;;;;;;;;;;;;;;;;;;;;;;Neutral
166;;;;;;;;;;;;;;;;;;;;;;;;;;;;;;;;;;;;Neutral
167;;;;;;;;;;;;;;;;;;;;;;;;;;;;;;;;;;;;Neutral
168;;;;;;;;;;;;;;;;;;;;;;;;;;;;;;;;;;;;Neutral
169;;;;;;;;;;;;;;;;;;;;;;;;;;;;;;;;;;;;Neutral
170;;;;;;;;;;;;;;;;;;;;;;;;;;;;;;;;;;;;Neutral
171;;;;;;;;;;;;;;;;;;;;;;;;;;;;;;;;;;;;Neutral
172;;;;;;;;;;;;;;;;;;;;;;;;;;;;;;;;;;;;Neutral
173;;;;;;;;;;;;;;;;;;;;;;;;;;;;;;;;;;;;Neutral
174;;;;;;;;;;;;;;;;;;;;;;;;;;;;;;;;;;;;Neutral
175;;;;;;;;;;;;;;;;;;;;;;;;;;;;;;;;;;;;Neutral
176;;;;;;;;;;;;;;;;;;;;;;;;;;;;;;;;;;;;Neutral
177;;;;;;;;;;;;;;;;;;;;;;;;;;;;;;;;;;;;Neutral
178;;;;;;;;;;;;;;;;;;;;;;;;;;;;;;;;;;;;Neutral
179;;;;;;;;;;;;;;;;;;;;;;;;;;;;;;;;;;;;Neutral
180;;;;;;;;;;;;;;;;;;;;;;;;;;;;;;;;;;;;Neutral
181;;;;;;;;;;;;;;;;;;;;;;;;;;;;;;;;;;;;Neutral
182;;;;;;;;;;;;;;;;;;;;;;;;;;;;;;;;;;;;Neutral
183;;;;;;;;;;;;;;;;;;;;;;;;;;;;;;;;;;;;Neutral
184;;;;;;;;;;;;;;;;;;;;;;;;;;;;;;;;;;;;Neutral
185;;;;;;;;;;;;;;;;;;;;;;;;;;;;;;;;;;;;Neutral
186;;;;;;;;;;;;;;;;;;;;;;;;;;;;;;;;;;;;Neutral
187;;;;;;;;;;;;;;;;;;;;;;;;;;;;;;;;;;;;Neutral
188;;;;;;;;;;;;;;;;;;;;;;;;;;;;;;;;;;;;Neutral
189;;;;;;;;;;;;;;;;;;;;;;;;;;;;;;;;;;;;Neutral
190;;;;;;;;;;;;;;;;;;;;;;;;;;;;;;;;;;;;Neutral
191;;;;;;;;;;;;;;;;;;;;;;;;;;;;;;;;;;;;Neutral
192;;;;;;;;;;;;;;;;;;;;;;;;;;;;;;;;;;;;Neutral
193;;;;;;;;;;;;;;;;;;;;;;;;;;;;;;;;;;;;Neutral
194;;;;;;;;;;;;;;;;;;;;;;;;;;;;;;;;;;;;Neutral
195;;;;;;;;;;;;;;;;;;;;;;;;;;;;;;;;;;;;Neutral
196;;;;;;;;;;;;;;;;;;;;;;;;;;;;;;;;;;;;Neutral
197;;;;;;;;;;;;;;;;;;;;;;;;;;;;;;;;;;;;Neutral
198;;;;;;;;;;;;;;;;;;;;;;;;;;;;;;;;;;;;Neutral
199;;;;;;;;;;;;;;;;;;;;;;;;;;;;;;;;;;;;Neutral
200;;;;;;;;;;;;;;;;;;;;;;;;;;;;;;;;;;;;Neutral
1;;;;;;;;;;;;;;;;;;;;;;;;;;;;;;;;;;;;Sad
2;;;;;;;;;;;;;;;;;;;;;;;;;;;;;;;;;;;;Sad
3;;;;;;;;;;;;;;;;;;;;;;;;;;;;;;;;;;;;Sad
6;;;;;;;;;;;;;;;;;;;;;;;;;;;;;;;;;;;;Sad
7;;;;;;;;;;;;;;;;;;;;;;;;;;;;;;;;;;;;Sad
8;;;;;;;;;;;;;;;;;;;;;;;;;;;;;;;;;;;;Sad
9;;;;;;;;;;;;;;;;;;;;;;;;;;;;;;;;;;;;Sad
10;;;;;;;;;;;;;;;;;;;;;;;;;;;;;;;;;;;;Sad
11;;;;;;;;;;;;;;;;;;;;;;;;;;;;;;;;;;;;Sad
12;;;;;;;;;;;;;;;;;;;;;;;;;;;;;;;;;;;;Sad
15;;;;;;;;;;;;;;;;;;;;;;;;;;;;;;;;;;;;Sad
16;;;;;;;;;;;;;;;;;;;;;;;;;;;;;;;;;;;;Sad
17;;;;;;;;;;;;;;;;;;;;;;;;;;;;;;;;;;;;Sad
18;;;;;;;;;;;;;;;;;;;;;;;;;;;;;;;;;;;;Sad
19;;;;;;;;;;;;;;;;;;;;;;;;;;;;;;;;;;;;Sad
20;;;;;;;;;;;;;;;;;;;;;;;;;;;;;;;;;;;;Sad
21;;;;;;;;;;;;;;;;;;;;;;;;;;;;;;;;;;;;Sad
22;;;;;;;;;;;;;;;;;;;;;;;;;;;;;;;;;;;;Sad
23;;;;;;;;;;;;;;;;;;;;;;;;;;;;;;;;;;;;Sad
24;;;;;;;;;;;;;;;;;;;;;;;;;;;;;;;;;;;;Sad
25;;;;;;;;;;;;;;;;;;;;;;;;;;;;;;;;;;;;Sad
26;;;;;;;;;;;;;;;;;;;;;;;;;;;;;;;;;;;;Sad
27;;;;;;;;;;;;;;;;;;;;;;;;;;;;;;;;;;;;Sad
28;;;;;;;;;;;;;;;;;;;;;;;;;;;;;;;;;;;;Sad
29;;;;;;;;;;;;;;;;;;;;;;;;;;;;;;;;;;;;Sad
30;;;;;;;;;;;;;;;;;;;;;;;;;;;;;;;;;;;;Sad
31;;;;;;;;;;;;;;;;;;;;;;;;;;;;;;;;;;;;Sad
32;;;;;;;;;;;;;;;;;;;;;;;;;;;;;;;;;;;;Sad
33;;;;;;;;;;;;;;;;;;;;;;;;;;;;;;;;;;;;Sad
34;;;;;;;;;;;;;;;;;;;;;;;;;;;;;;;;;;;;Sad
35;;;;;;;;;;;;;;;;;;;;;;;;;;;;;;;;;;;;Sad
36;;;;;;;;;;;;;;;;;;;;;;;;;;;;;;;;;;;;Sad
37;;;;;;;;;;;;;;;;;;;;;;;;;;;;;;;;;;;;Sad
38;;;;;;;;;;;;;;;;;;;;;;;;;;;;;;;;;;;;Sad
39;;;;;;;;;;;;;;;;;;;;;;;;;;;;;;;;;;;;Sad
40;;;;;;;;;;;;;;;;;;;;;;;;;;;;;;;;;;;;Sad
41;;;;;;;;;;;;;;;;;;;;;;;;;;;;;;;;;;;;Sad
42;;;;;;;;;;;;;;;;;;;;;;;;;;;;;;;;;;;;Sad
43;;;;;;;;;;;;;;;;;;;;;;;;;;;;;;;;;;;;Sad
44;;;;;;;;;;;;;;;;;;;;;;;;;;;;;;;;;;;;Sad
48;;;;;;;;;;;;;;;;;;;;;;;;;;;;;;;;;;;;Sad
49;;;;;;;;;;;;;;;;;;;;;;;;;;;;;;;;;;;;Sad
50;;;;;;;;;;;;;;;;;;;;;;;;;;;;;;;;;;;;Sad
51;;;;;;;;;;;;;;;;;;;;;;;;;;;;;;;;;;;;Sad
52;;;;;;;;;;;;;;;;;;;;;;;;;;;;;;;;;;;;Sad
53;;;;;;;;;;;;;;;;;;;;;;;;;;;;;;;;;;;;Sad
54;;;;;;;;;;;;;;;;;;;;;;;;;;;;;;;;;;;;Sad
55;;;;;;;;;;;;;;;;;;;;;;;;;;;;;;;;;;;;Sad
56;;;;;;;;;;;;;;;;;;;;;;;;;;;;;;;;;;;;Sad
57;;;;;;;;;;;;;;;;;;;;;;;;;;;;;;;;;;;;Sad
58;;;;;;;;;;;;;;;;;;;;;;;;;;;;;;;;;;;;Sad
59;;;;;;;;;;;;;;;;;;;;;;;;;;;;;;;;;;;;Sad
60;;;;;;;;;;;;;;;;;;;;;;;;;;;;;;;;;;;;Sad
61;;;;;;;;;;;;;;;;;;;;;;;;;;;;;;;;;;;;Sad
62;;;;;;;;;;;;;;;;;;;;;;;;;;;;;;;;;;;;Sad
63;;;;;;;;;;;;;;;;;;;;;;;;;;;;;;;;;;;;Sad
64;;;;;;;;;;;;;;;;;;;;;;;;;;;;;;;;;;;;Sad
65;;;;;;;;;;;;;;;;;;;;;;;;;;;;;;;;;;;;Sad
66;;;;;;;;;;;;;;;;;;;;;;;;;;;;;;;;;;;;Sad
67;;;;;;;;;;;;;;;;;;;;;;;;;;;;;;;;;;;;Sad
70;;;;;;;;;;;;;;;;;;;;;;;;;;;;;;;;;;;;Sad
71;;;;;;;;;;;;;;;;;;;;;;;;;;;;;;;;;;;;Sad
74;;;;;;;;;;;;;;;;;;;;;;;;;;;;;;;;;;;;Sad
75;;;;;;;;;;;;;;;;;;;;;;;;;;;;;;;;;;;;Sad
76;;;;;;;;;;;;;;;;;;;;;;;;;;;;;;;;;;;;Sad
77;;;;;;;;;;;;;;;;;;;;;;;;;;;;;;;;;;;;Sad
78;;;;;;;;;;;;;;;;;;;;;;;;;;;;;;;;;;;;Sad
79;;;;;;;;;;;;;;;;;;;;;;;;;;;;;;;;;;;;Sad
80;;;;;;;;;;;;;;;;;;;;;;;;;;;;;;;;;;;;Sad
81;;;;;;;;;;;;;;;;;;;;;;;;;;;;;;;;;;;;Sad
82;;;;;;;;;;;;;;;;;;;;;;;;;;;;;;;;;;;;Sad
83;;;;;;;;;;;;;;;;;;;;;;;;;;;;;;;;;;;;Sad
84;;;;;;;;;;;;;;;;;;;;;;;;;;;;;;;;;;;;Sad
85;;;;;;;;;;;;;;;;;;;;;;;;;;;;;;;;;;;;Sad
86;;;;;;;;;;;;;;;;;;;;;;;;;;;;;;;;;;;;Sad
87;;;;;;;;;;;;;;;;;;;;;;;;;;;;;;;;;;;;Sad
88;;;;;;;;;;;;;;;;;;;;;;;;;;;;;;;;;;;;Sad
89;;;;;;;;;;;;;;;;;;;;;;;;;;;;;;;;;;;;Sad
90;;;;;;;;;;;;;;;;;;;;;;;;;;;;;;;;;;;;Sad
91;;;;;;;;;;;;;;;;;;;;;;;;;;;;;;;;;;;;Sad
92;;;;;;;;;;;;;;;;;;;;;;;;;;;;;;;;;;;;Sad
93;;;;;;;;;;;;;;;;;;;;;;;;;;;;;;;;;;;;Sad
94;;;;;;;;;;;;;;;;;;;;;;;;;;;;;;;;;;;;Sad
95;;;;;;;;;;;;;;;;;;;;;;;;;;;;;;;;;;;;Sad
96;;;;;;;;;;;;;;;;;;;;;;;;;;;;;;;;;;;;Sad
97;;;;;;;;;;;;;;;;;;;;;;;;;;;;;;;;;;;;Sad
98;;;;;;;;;;;;;;;;;;;;;;;;;;;;;;;;;;;;Sad
99;;;;;;;;;;;;;;;;;;;;;;;;;;;;;;;;;;;;Sad
100;;;;;;;;;;;;;;;;;;;;;;;;;;;;;;;;;;;;Sad
101;;;;;;;;;;;;;;;;;;;;;;;;;;;;;;;;;;;;Sad
102;;;;;;;;;;;;;;;;;;;;;;;;;;;;;;;;;;;;Sad
103;;;;;;;;;;;;;;;;;;;;;;;;;;;;;;;;;;;;Sad
104;;;;;;;;;;;;;;;;;;;;;;;;;;;;;;;;;;;;Sad
105;;;;;;;;;;;;;;;;;;;;;;;;;;;;;;;;;;;;Sad
108;;;;;;;;;;;;;;;;;;;;;;;;;;;;;;;;;;;;Sad
109;;;;;;;;;;;;;;;;;;;;;;;;;;;;;;;;;;;;Sad
110;;;;;;;;;;;;;;;;;;;;;;;;;;;;;;;;;;;;Sad
111;;;;;;;;;;;;;;;;;;;;;;;;;;;;;;;;;;;;Sad
112;;;;;;;;;;;;;;;;;;;;;;;;;;;;;;;;;;;;Sad
113;;;;;;;;;;;;;;;;;;;;;;;;;;;;;;;;;;;;Sad
114;;;;;;;;;;;;;;;;;;;;;;;;;;;;;;;;;;;;Sad
115;;;;;;;;;;;;;;;;;;;;;;;;;;;;;;;;;;;;Sad
116;;;;;;;;;;;;;;;;;;;;;;;;;;;;;;;;;;;;Sad
117;;;;;;;;;;;;;;;;;;;;;;;;;;;;;;;;;;;;Sad
118;;;;;;;;;;;;;;;;;;;;;;;;;;;;;;;;;;;;Sad
119;;;;;;;;;;;;;;;;;;;;;;;;;;;;;;;;;;;;Sad
120;;;;;;;;;;;;;;;;;;;;;;;;;;;;;;;;;;;;Sad
121;;;;;;;;;;;;;;;;;;;;;;;;;;;;;;;;;;;;Sad
122;;;;;;;;;;;;;;;;;;;;;;;;;;;;;;;;;;;;Sad
123;;;;;;;;;;;;;;;;;;;;;;;;;;;;;;;;;;;;Sad
124;;;;;;;;;;;;;;;;;;;;;;;;;;;;;;;;;;;;Sad
125;;;;;;;;;;;;;;;;;;;;;;;;;;;;;;;;;;;;Sad
126;;;;;;;;;;;;;;;;;;;;;;;;;;;;;;;;;;;;Sad
127;;;;;;;;;;;;;;;;;;;;;;;;;;;;;;;;;;;;Sad
128;;;;;;;;;;;;;;;;;;;;;;;;;;;;;;;;;;;;Sad
129;;;;;;;;;;;;;;;;;;;;;;;;;;;;;;;;;;;;Sad
130;;;;;;;;;;;;;;;;;;;;;;;;;;;;;;;;;;;;Sad
132;;;;;;;;;;;;;;;;;;;;;;;;;;;;;;;;;;;;Sad
133;;;;;;;;;;;;;;;;;;;;;;;;;;;;;;;;;;;;Sad
134;;;;;;;;;;;;;;;;;;;;;;;;;;;;;;;;;;;;Sad
135;;;;;;;;;;;;;;;;;;;;;;;;;;;;;;;;;;;;Sad
136;;;;;;;;;;;;;;;;;;;;;;;;;;;;;;;;;;;;Sad
137;;;;;;;;;;;;;;;;;;;;;;;;;;;;;;;;;;;;Sad
138;;;;;;;;;;;;;;;;;;;;;;;;;;;;;;;;;;;;Sad
139;;;;;;;;;;;;;;;;;;;;;;;;;;;;;;;;;;;;Sad
140;;;;;;;;;;;;;;;;;;;;;;;;;;;;;;;;;;;;Sad
141;;;;;;;;;;;;;;;;;;;;;;;;;;;;;;;;;;;;Sad
142;;;;;;;;;;;;;;;;;;;;;;;;;;;;;;;;;;;;Sad
143;;;;;;;;;;;;;;;;;;;;;;;;;;;;;;;;;;;;Sad
144;;;;;;;;;;;;;;;;;;;;;;;;;;;;;;;;;;;;Sad
145;;;;;;;;;;;;;;;;;;;;;;;;;;;;;;;;;;;;Sad
146;;;;;;;;;;;;;;;;;;;;;;;;;;;;;;;;;;;;Sad
147;;;;;;;;;;;;;;;;;;;;;;;;;;;;;;;;;;;;Sad
148;;;;;;;;;;;;;;;;;;;;;;;;;;;;;;;;;;;;Sad
149;;;;;;;;;;;;;;;;;;;;;;;;;;;;;;;;;;;;Sad
150;;;;;;;;;;;;;;;;;;;;;;;;;;;;;;;;;;;;Sad
151;;;;;;;;;;;;;;;;;;;;;;;;;;;;;;;;;;;;Sad
156;;;;;;;;;;;;;;;;;;;;;;;;;;;;;;;;;;;;Sad
157;;;;;;;;;;;;;;;;;;;;;;;;;;;;;;;;;;;;Sad
158;;;;;;;;;;;;;;;;;;;;;;;;;;;;;;;;;;;;Sad
159;;;;;;;;;;;;;;;;;;;;;;;;;;;;;;;;;;;;Sad
160;;;;;;;;;;;;;;;;;;;;;;;;;;;;;;;;;;;;Sad
163;;;;;;;;;;;;;;;;;;;;;;;;;;;;;;;;;;;;Sad
164;;;;;;;;;;;;;;;;;;;;;;;;;;;;;;;;;;;;Sad
167;;;;;;;;;;;;;;;;;;;;;;;;;;;;;;;;;;;;Sad
168;;;;;;;;;;;;;;;;;;;;;;;;;;;;;;;;;;;;Sad
169;;;;;;;;;;;;;;;;;;;;;;;;;;;;;;;;;;;;Sad
170;;;;;;;;;;;;;;;;;;;;;;;;;;;;;;;;;;;;Sad
171;;;;;;;;;;;;;;;;;;;;;;;;;;;;;;;;;;;;Sad
172;;;;;;;;;;;;;;;;;;;;;;;;;;;;;;;;;;;;Sad
173;;;;;;;;;;;;;;;;;;;;;;;;;;;;;;;;;;;;Sad
174;;;;;;;;;;;;;;;;;;;;;;;;;;;;;;;;;;;;Sad
175;;;;;;;;;;;;;;;;;;;;;;;;;;;;;;;;;;;;Sad
176;;;;;;;;;;;;;;;;;;;;;;;;;;;;;;;;;;;;Sad
178;;;;;;;;;;;;;;;;;;;;;;;;;;;;;;;;;;;;Sad
179;;;;;;;;;;;;;;;;;;;;;;;;;;;;;;;;;;;;Sad
180;;;;;;;;;;;;;;;;;;;;;;;;;;;;;;;;;;;;Sad
183;;;;;;;;;;;;;;;;;;;;;;;;;;;;;;;;;;;;Sad
184;;;;;;;;;;;;;;;;;;;;;;;;;;;;;;;;;;;;Sad
185;;;;;;;;;;;;;;;;;;;;;;;;;;;;;;;;;;;;Sad
186;;;;;;;;;;;;;;;;;;;;;;;;;;;;;;;;;;;;Sad
187;;;;;;;;;;;;;;;;;;;;;;;;;;;;;;;;;;;;Sad
188;;;;;;;;;;;;;;;;;;;;;;;;;;;;;;;;;;;;Sad
189;;;;;;;;;;;;;;;;;;;;;;;;;;;;;;;;;;;;Sad
190;;;;;;;;;;;;;;;;;;;;;;;;;;;;;;;;;;;;Sad
191;;;;;;;;;;;;;;;;;;;;;;;;;;;;;;;;;;;;Sad
192;;;;;;;;;;;;;;;;;;;;;;;;;;;;;;;;;;;;Sad
193;;;;;;;;;;;;;;;;;;;;;;;;;;;;;;;;;;;;Sad
194;;;;;;;;;;;;;;;;;;;;;;;;;;;;;;;;;;;;Sad
195;;;;;;;;;;;;;;;;;;;;;;;;;;;;;;;;;;;;Sad
196;;;;;;;;;;;;;;;;;;;;;;;;;;;;;;;;;;;;Sad
197;;;;;;;;;;;;;;;;;;;;;;;;;;;;;;;;;;;;Sad
198;;;;;;;;;;;;;;;;;;;;;;;;;;;;;;;;;;;;Sad
199;;;;;;;;;;;;;;;;;;;;;;;;;;;;;;;;;;;;Sad
200;;;;;;;;;;;;;;;;;;;;;;;;;;;;;;;;;;;;Sad
1;;;;;;;;;;;;;;;;;;;;;;;;;;;;;;;;;;;;Surprise
2;;;;;;;;;;;;;;;;;;;;;;;;;;;;;;;;;;;;Surprise
3;;;;;;;;;;;;;;;;;;;;;;;;;;;;;;;;;;;;Surprise
4;;;;;;;;;;;;;;;;;;;;;;;;;;;;;;;;;;;;Surprise
5;;;;;;;;;;;;;;;;;;;;;;;;;;;;;;;;;;;;Surprise
6;;;;;;;;;;;;;;;;;;;;;;;;;;;;;;;;;;;;Surprise
7;;;;;;;;;;;;;;;;;;;;;;;;;;;;;;;;;;;;Surprise
8;;;;;;;;;;;;;;;;;;;;;;;;;;;;;;;;;;;;Surprise
9;;;;;;;;;;;;;;;;;;;;;;;;;;;;;;;;;;;;Surprise
10;;;;;;;;;;;;;;;;;;;;;;;;;;;;;;;;;;;;Surprise
11;;;;;;;;;;;;;;;;;;;;;;;;;;;;;;;;;;;;Surprise
12;;;;;;;;;;;;;;;;;;;;;;;;;;;;;;;;;;;;Surprise
13;;;;;;;;;;;;;;;;;;;;;;;;;;;;;;;;;;;;Surprise
14;;;;;;;;;;;;;;;;;;;;;;;;;;;;;;;;;;;;Surprise
15;;;;;;;;;;;;;;;;;;;;;;;;;;;;;;;;;;;;Surprise
16;;;;;;;;;;;;;;;;;;;;;;;;;;;;;;;;;;;;Surprise
17;;;;;;;;;;;;;;;;;;;;;;;;;;;;;;;;;;;;Surprise
18;;;;;;;;;;;;;;;;;;;;;;;;;;;;;;;;;;;;Surprise
19;;;;;;;;;;;;;;;;;;;;;;;;;;;;;;;;;;;;Surprise
20;;;;;;;;;;;;;;;;;;;;;;;;;;;;;;;;;;;;Surprise
21;;;;;;;;;;;;;;;;;;;;;;;;;;;;;;;;;;;;Surprise
22;;;;;;;;;;;;;;;;;;;;;;;;;;;;;;;;;;;;Surprise
23;;;;;;;;;;;;;;;;;;;;;;;;;;;;;;;;;;;;Surprise
24;;;;;;;;;;;;;;;;;;;;;;;;;;;;;;;;;;;;Surprise
25;;;;;;;;;;;;;;;;;;;;;;;;;;;;;;;;;;;;Surprise
26;;;;;;;;;;;;;;;;;;;;;;;;;;;;;;;;;;;;Surprise
27;;;;;;;;;;;;;;;;;;;;;;;;;;;;;;;;;;;;Surprise
28;;;;;;;;;;;;;;;;;;;;;;;;;;;;;;;;;;;;Surprise
29;;;;;;;;;;;;;;;;;;;;;;;;;;;;;;;;;;;;Surprise
30;;;;;;;;;;;;;;;;;;;;;;;;;;;;;;;;;;;;Surprise
32;;;;;;;;;;;;;;;;;;;;;;;;;;;;;;;;;;;;Surprise
33;;;;;;;;;;;;;;;;;;;;;;;;;;;;;;;;;;;;Surprise
34;;;;;;;;;;;;;;;;;;;;;;;;;;;;;;;;;;;;Surprise
35;;;;;;;;;;;;;;;;;;;;;;;;;;;;;;;;;;;;Surprise
36;;;;;;;;;;;;;;;;;;;;;;;;;;;;;;;;;;;;Surprise
37;;;;;;;;;;;;;;;;;;;;;;;;;;;;;;;;;;;;Surprise
38;;;;;;;;;;;;;;;;;;;;;;;;;;;;;;;;;;;;Surprise
39;;;;;;;;;;;;;;;;;;;;;;;;;;;;;;;;;;;;Surprise
40;;;;;;;;;;;;;;;;;;;;;;;;;;;;;;;;;;;;Surprise
41;;;;;;;;;;;;;;;;;;;;;;;;;;;;;;;;;;;;Surprise
42;;;;;;;;;;;;;;;;;;;;;;;;;;;;;;;;;;;;Surprise
43;;;;;;;;;;;;;;;;;;;;;;;;;;;;;;;;;;;;Surprise
44;;;;;;;;;;;;;;;;;;;;;;;;;;;;;;;;;;;;Surprise
45;;;;;;;;;;;;;;;;;;;;;;;;;;;;;;;;;;;;Surprise
46;;;;;;;;;;;;;;;;;;;;;;;;;;;;;;;;;;;;Surprise
47;;;;;;;;;;;;;;;;;;;;;;;;;;;;;;;;;;;;Surprise
48;;;;;;;;;;;;;;;;;;;;;;;;;;;;;;;;;;;;Surprise
49;;;;;;;;;;;;;;;;;;;;;;;;;;;;;;;;;;;;Surprise
50;;;;;;;;;;;;;;;;;;;;;;;;;;;;;;;;;;;;Surprise
51;;;;;;;;;;;;;;;;;;;;;;;;;;;;;;;;;;;;Surprise
52;;;;;;;;;;;;;;;;;;;;;;;;;;;;;;;;;;;;Surprise
53;;;;;;;;;;;;;;;;;;;;;;;;;;;;;;;;;;;;Surprise
54;;;;;;;;;;;;;;;;;;;;;;;;;;;;;;;;;;;;Surprise
55;;;;;;;;;;;;;;;;;;;;;;;;;;;;;;;;;;;;Surprise
56;;;;;;;;;;;;;;;;;;;;;;;;;;;;;;;;;;;;Surprise
57;;;;;;;;;;;;;;;;;;;;;;;;;;;;;;;;;;;;Surprise
58;;;;;;;;;;;;;;;;;;;;;;;;;;;;;;;;;;;;Surprise
59;;;;;;;;;;;;;;;;;;;;;;;;;;;;;;;;;;;;Surprise
60;;;;;;;;;;;;;;;;;;;;;;;;;;;;;;;;;;;;Surprise
61;;;;;;;;;;;;;;;;;;;;;;;;;;;;;;;;;;;;Surprise
62;;;;;;;;;;;;;;;;;;;;;;;;;;;;;;;;;;;;Surprise
63;;;;;;;;;;;;;;;;;;;;;;;;;;;;;;;;;;;;Surprise
64;;;;;;;;;;;;;;;;;;;;;;;;;;;;;;;;;;;;Surprise
65;;;;;;;;;;;;;;;;;;;;;;;;;;;;;;;;;;;;Surprise
66;;;;;;;;;;;;;;;;;;;;;;;;;;;;;;;;;;;;Surprise
67;;;;;;;;;;;;;;;;;;;;;;;;;;;;;;;;;;;;Surprise
68;;;;;;;;;;;;;;;;;;;;;;;;;;;;;;;;;;;;Surprise
69;;;;;;;;;;;;;;;;;;;;;;;;;;;;;;;;;;;;Surprise
70;;;;;;;;;;;;;;;;;;;;;;;;;;;;;;;;;;;;Surprise
71;;;;;;;;;;;;;;;;;;;;;;;;;;;;;;;;;;;;Surprise
72;;;;;;;;;;;;;;;;;;;;;;;;;;;;;;;;;;;;Surprise
73;;;;;;;;;;;;;;;;;;;;;;;;;;;;;;;;;;;;Surprise
74;;;;;;;;;;;;;;;;;;;;;;;;;;;;;;;;;;;;Surprise
75;;;;;;;;;;;;;;;;;;;;;;;;;;;;;;;;;;;;Surprise
76;;;;;;;;;;;;;;;;;;;;;;;;;;;;;;;;;;;;Surprise
77;;;;;;;;;;;;;;;;;;;;;;;;;;;;;;;;;;;;Surprise
78;;;;;;;;;;;;;;;;;;;;;;;;;;;;;;;;;;;;Surprise
79;;;;;;;;;;;;;;;;;;;;;;;;;;;;;;;;;;;;Surprise
80;;;;;;;;;;;;;;;;;;;;;;;;;;;;;;;;;;;;Surprise
81;;;;;;;;;;;;;;;;;;;;;;;;;;;;;;;;;;;;Surprise
82;;;;;;;;;;;;;;;;;;;;;;;;;;;;;;;;;;;;Surprise
83;;;;;;;;;;;;;;;;;;;;;;;;;;;;;;;;;;;;Surprise
84;;;;;;;;;;;;;;;;;;;;;;;;;;;;;;;;;;;;Surprise
85;;;;;;;;;;;;;;;;;;;;;;;;;;;;;;;;;;;;Surprise
86;;;;;;;;;;;;;;;;;;;;;;;;;;;;;;;;;;;;Surprise
87;;;;;;;;;;;;;;;;;;;;;;;;;;;;;;;;;;;;Surprise
88;;;;;;;;;;;;;;;;;;;;;;;;;;;;;;;;;;;;Surprise
89;;;;;;;;;;;;;;;;;;;;;;;;;;;;;;;;;;;;Surprise
90;;;;;;;;;;;;;;;;;;;;;;;;;;;;;;;;;;;;Surprise
91;;;;;;;;;;;;;;;;;;;;;;;;;;;;;;;;;;;;Surprise
92;;;;;;;;;;;;;;;;;;;;;;;;;;;;;;;;;;;;Surprise
93;;;;;;;;;;;;;;;;;;;;;;;;;;;;;;;;;;;;Surprise
94;;;;;;;;;;;;;;;;;;;;;;;;;;;;;;;;;;;;Surprise
95;;;;;;;;;;;;;;;;;;;;;;;;;;;;;;;;;;;;Surprise
96;;;;;;;;;;;;;;;;;;;;;;;;;;;;;;;;;;;;Surprise
97;;;;;;;;;;;;;;;;;;;;;;;;;;;;;;;;;;;;Surprise
98;;;;;;;;;;;;;;;;;;;;;;;;;;;;;;;;;;;;Surprise
99;;;;;;;;;;;;;;;;;;;;;;;;;;;;;;;;;;;;Surprise
100;;;;;;;;;;;;;;;;;;;;;;;;;;;;;;;;;;;;Surprise
101;;;;;;;;;;;;;;;;;;;;;;;;;;;;;;;;;;;;Surprise
102;;;;;;;;;;;;;;;;;;;;;;;;;;;;;;;;;;;;Surprise
103;;;;;;;;;;;;;;;;;;;;;;;;;;;;;;;;;;;;Surprise
104;;;;;;;;;;;;;;;;;;;;;;;;;;;;;;;;;;;;Surprise
105;;;;;;;;;;;;;;;;;;;;;;;;;;;;;;;;;;;;Surprise
106;;;;;;;;;;;;;;;;;;;;;;;;;;;;;;;;;;;;Surprise
107;;;;;;;;;;;;;;;;;;;;;;;;;;;;;;;;;;;;Surprise
108;;;;;;;;;;;;;;;;;;;;;;;;;;;;;;;;;;;;Surprise
109;;;;;;;;;;;;;;;;;;;;;;;;;;;;;;;;;;;;Surprise
110;;;;;;;;;;;;;;;;;;;;;;;;;;;;;;;;;;;;Surprise
111;;;;;;;;;;;;;;;;;;;;;;;;;;;;;;;;;;;;Surprise
112;;;;;;;;;;;;;;;;;;;;;;;;;;;;;;;;;;;;Surprise
113;;;;;;;;;;;;;;;;;;;;;;;;;;;;;;;;;;;;Surprise
114;;;;;;;;;;;;;;;;;;;;;;;;;;;;;;;;;;;;Surprise
115;;;;;;;;;;;;;;;;;;;;;;;;;;;;;;;;;;;;Surprise
116;;;;;;;;;;;;;;;;;;;;;;;;;;;;;;;;;;;;Surprise
118;;;;;;;;;;;;;;;;;;;;;;;;;;;;;;;;;;;;Surprise
119;;;;;;;;;;;;;;;;;;;;;;;;;;;;;;;;;;;;Surprise
122;;;;;;;;;;;;;;;;;;;;;;;;;;;;;;;;;;;;Surprise
123;;;;;;;;;;;;;;;;;;;;;;;;;;;;;;;;;;;;Surprise
125;;;;;;;;;;;;;;;;;;;;;;;;;;;;;;;;;;;;Surprise
126;;;;;;;;;;;;;;;;;;;;;;;;;;;;;;;;;;;;Surprise
127;;;;;;;;;;;;;;;;;;;;;;;;;;;;;;;;;;;;Surprise
128;;;;;;;;;;;;;;;;;;;;;;;;;;;;;;;;;;;;Surprise
129;;;;;;;;;;;;;;;;;;;;;;;;;;;;;;;;;;;;Surprise
130;;;;;;;;;;;;;;;;;;;;;;;;;;;;;;;;;;;;Surprise
131;;;;;;;;;;;;;;;;;;;;;;;;;;;;;;;;;;;;Surprise
132;;;;;;;;;;;;;;;;;;;;;;;;;;;;;;;;;;;;Surprise
133;;;;;;;;;;;;;;;;;;;;;;;;;;;;;;;;;;;;Surprise
134;;;;;;;;;;;;;;;;;;;;;;;;;;;;;;;;;;;;Surprise
135;;;;;;;;;;;;;;;;;;;;;;;;;;;;;;;;;;;;Surprise
136;;;;;;;;;;;;;;;;;;;;;;;;;;;;;;;;;;;;Surprise
137;;;;;;;;;;;;;;;;;;;;;;;;;;;;;;;;;;;;Surprise
138;;;;;;;;;;;;;;;;;;;;;;;;;;;;;;;;;;;;Surprise
139;;;;;;;;;;;;;;;;;;;;;;;;;;;;;;;;;;;;Surprise
140;;;;;;;;;;;;;;;;;;;;;;;;;;;;;;;;;;;;Surprise
141;;;;;;;;;;;;;;;;;;;;;;;;;;;;;;;;;;;;Surprise
142;;;;;;;;;;;;;;;;;;;;;;;;;;;;;;;;;;;;Surprise
144;;;;;;;;;;;;;;;;;;;;;;;;;;;;;;;;;;;;Surprise
145;;;;;;;;;;;;;;;;;;;;;;;;;;;;;;;;;;;;Surprise
146;;;;;;;;;;;;;;;;;;;;;;;;;;;;;;;;;;;;Surprise
149;;;;;;;;;;;;;;;;;;;;;;;;;;;;;;;;;;;;Surprise
150;;;;;;;;;;;;;;;;;;;;;;;;;;;;;;;;;;;;Surprise
151;;;;;;;;;;;;;;;;;;;;;;;;;;;;;;;;;;;;Surprise
152;;;;;;;;;;;;;;;;;;;;;;;;;;;;;;;;;;;;Surprise
153;;;;;;;;;;;;;;;;;;;;;;;;;;;;;;;;;;;;Surprise
154;;;;;;;;;;;;;;;;;;;;;;;;;;;;;;;;;;;;Surprise
155;;;;;;;;;;;;;;;;;;;;;;;;;;;;;;;;;;;;Surprise
158;;;;;;;;;;;;;;;;;;;;;;;;;;;;;;;;;;;;Surprise
159;;;;;;;;;;;;;;;;;;;;;;;;;;;;;;;;;;;;Surprise
160;;;;;;;;;;;;;;;;;;;;;;;;;;;;;;;;;;;;Surprise
161;;;;;;;;;;;;;;;;;;;;;;;;;;;;;;;;;;;;Surprise
162;;;;;;;;;;;;;;;;;;;;;;;;;;;;;;;;;;;;Surprise
163;;;;;;;;;;;;;;;;;;;;;;;;;;;;;;;;;;;;Surprise
164;;;;;;;;;;;;;;;;;;;;;;;;;;;;;;;;;;;;Surprise
165;;;;;;;;;;;;;;;;;;;;;;;;;;;;;;;;;;;;Surprise
168;;;;;;;;;;;;;;;;;;;;;;;;;;;;;;;;;;;;Surprise
169;;;;;;;;;;;;;;;;;;;;;;;;;;;;;;;;;;;;Surprise
170;;;;;;;;;;;;;;;;;;;;;;;;;;;;;;;;;;;;Surprise
171;;;;;;;;;;;;;;;;;;;;;;;;;;;;;;;;;;;;Surprise
172;;;;;;;;;;;;;;;;;;;;;;;;;;;;;;;;;;;;Surprise
173;;;;;;;;;;;;;;;;;;;;;;;;;;;;;;;;;;;;Surprise
174;;;;;;;;;;;;;;;;;;;;;;;;;;;;;;;;;;;;Surprise
175;;;;;;;;;;;;;;;;;;;;;;;;;;;;;;;;;;;;Surprise
176;;;;;;;;;;;;;;;;;;;;;;;;;;;;;;;;;;;;Surprise
179;;;;;;;;;;;;;;;;;;;;;;;;;;;;;;;;;;;;Surprise
180;;;;;;;;;;;;;;;;;;;;;;;;;;;;;;;;;;;;Surprise
181;;;;;;;;;;;;;;;;;;;;;;;;;;;;;;;;;;;;Surprise
184;;;;;;;;;;;;;;;;;;;;;;;;;;;;;;;;;;;;Surprise
185;;;;;;;;;;;;;;;;;;;;;;;;;;;;;;;;;;;;Surprise
186;;;;;;;;;;;;;;;;;;;;;;;;;;;;;;;;;;;;Surprise
187;;;;;;;;;;;;;;;;;;;;;;;;;;;;;;;;;;;;Surprise
188;;;;;;;;;;;;;;;;;;;;;;;;;;;;;;;;;;;;Surprise
189;;;;;;;;;;;;;;;;;;;;;;;;;;;;;;;;;;;;Surprise
190;;;;;;;;;;;;;;;;;;;;;;;;;;;;;;;;;;;;Surprise
191;;;;;;;;;;;;;;;;;;;;;;;;;;;;;;;;;;;;Surprise
192;;;;;;;;;;;;;;;;;;;;;;;;;;;;;;;;;;;;Surprise
195;;;;;;;;;;;;;;;;;;;;;;;;;;;;;;;;;;;;Surprise
196;;;;;;;;;;;;;;;;;;;;;;;;;;;;;;;;;;;;Surprise
197;;;;;;;;;;;;;;;;;;;;;;;;;;;;;;;;;;;;Surprise
198;;;;;;;;;;;;;;;;;;;;;;;;;;;;;;;;;;;;Surprise
199;;;;;;;;;;;;;;;;;;;;;;;;;;;;;;;;;;;;Surprise
200;;;;;;;;;;;;;;;;;;;;;;;;;;;;;;;;;;;;Surprise
